compound_id,smiles,ic50_value,ic50_units,pchembl_value,assay_type,target_name
CHEMBL5762343,C=CC(=O)N1CCC[C@@H](Nc2nc(Nc3ccc(OCCOC)cc3)ncc2F)C1,550.0,nM,6.26,B,Epidermal growth factor receptor
CHEMBL3219128,C=CC(=O)Nc1cccc(N2C(=O)C(C)N(C)C(=O)c3cnc(Nc4ccc(N5CCN(C)CC5)cc4OC)nc32)c1,50.85,nM,7.29,B,Epidermal growth factor receptor
CHEMBL5786294,CCC(=O)Nc1ccccc1Nc1nc(Nc2ccc3c(c2)OCCOCCOCCO3)nc2[nH]cnc12,1000.0,nM,,B,Epidermal growth factor receptor
CHEMBL5878820,CC(C)(C)OC(=O)N1CCC(N2C=C([C@@H](Nc3cc(Cl)c4ncc(C#N)c(Nc5ccc(F)c(Cl)c5)c4c3)c3cncs3)NN2)CC1,153.0,nM,6.82,B,Epidermal growth factor receptor
CHEMBL158275,Cn1c(SSc2c(C(=O)NCc3ccccc3)c3ccccc3n2C)c(C(=O)NCc2ccccc2)c2ccccc21,1700.0,nM,5.77,B,Epidermal growth factor receptor
CHEMBL3917670,C[C@@H](Nc1ncnc2[nH]c(-c3ccc(C(=O)NO)cc3)cc12)c1ccccc1,100.0,nM,,B,Epidermal growth factor receptor
CHEMBL3747055,COc1ccc(C2=NN(C(C)=O)C(c3ccc(C(=O)OCCn4c([N+](=O)[O-])cnc4C)cc3)C2)cc1,8540.0,nM,5.07,B,Epidermal growth factor receptor
CHEMBL168921,CC(C)(C)OC(=O)N1CCC(n2cc(-c3cccc(O)c3)c3c(N)ncnc32)C1,2200.0,nM,5.66,B,Epidermal growth factor receptor
CHEMBL446,Cc1cc(C)nc(NS(=O)(=O)c2ccc(N)cc2)n1,,,,B,Epidermal growth factor receptor
CHEMBL3699610,C=CC(=O)Nc1cccc(Oc2nc(Nc3ccc(N4CCOCC4)cc3OC(F)F)ncc2Cl)c1,20.0,nM,7.7,B,Epidermal growth factor receptor
CHEMBL4646030,N#Cc1cnc2cc(OC[C@@H](O)CO)c(NC(=O)CC3CSSC3)cc2c1Nc1ccc(OCc2cccc(F)c2)c(Cl)c1,550.0,nM,6.26,B,Epidermal growth factor receptor
CHEMBL4441404,COc1ccc(/C(CSc2nc3[nH]c(=O)n(C)c(=O)c3[nH]2)=N\O)cc1,710.0,nM,6.15,B,Epidermal growth factor receptor
CHEMBL5517918,C=CC(=O)N1C[C@@H](n2cc(-c3ccncc3)c(-c3cccc(OCc4ccc5c(c4)CN(C)C5=O)c3)n2)C[C@@H]1C,29000.0,nM,,B,Epidermal growth factor receptor
CHEMBL4562805,COc1cc(NC(=O)N2CCOCC2)ccc1Nc1ncc(Cl)c(Nc2ccccc2NC(C)=O)n1,1000.0,nM,,B,Epidermal growth factor receptor
CHEMBL6012981,Cc1ncccc1[C@H](Nc1cc(Cl)c2ncc(C#N)c(Nc3ccc(Cl)c(Cl)c3F)c2c1)C1=CN(C(C)C)NN1,15.0,nM,7.82,B,Epidermal growth factor receptor
CHEMBL5180914,COc1cc2ncnc3c2cc1OCCOCCOCCOc1cc(F)c(Cl)cc1N3,1.3,nM,8.89,B,Epidermal growth factor receptor
CHEMBL5749405,CC(C)(C)CNc1c(C#N)cnc2c(Cl)cc(N[C@H](C3=CN(C4CCN(C(C)(C)C)CC4)NN3)c3cccc4ncsc34)cc12,3.0,nM,8.52,B,Epidermal growth factor receptor
CHEMBL56879,N#C/C(=C\c1ccc(O)c(O)c1)C(=O)c1ccc([N+](=O)[O-])cc1,2300.0,nM,5.64,B,Epidermal growth factor receptor
CHEMBL90540,COc1cc2ncnc(NC3CC3c3ccccc3)c2cc1OC(C)=O,11400.0,nM,4.94,F,Epidermal growth factor receptor
CHEMBL3954370,O=C(Nc1nc2ccccc2n1[C@H]1CC[C@H](O)CC1)c1cccc(C(F)(F)F)c1,2000.0,nM,5.7,B,Epidermal growth factor receptor
CHEMBL5169328,C=CCn1ccc2cc(Nc3ncnc4ccc(N)cc34)ccc21,351.9,nM,6.45,B,Epidermal growth factor receptor
CHEMBL103667,Cc1ccc(-n2nc(C(C)(C)C)cc2NC(=O)Nc2ccc(OCCN3CCOCC3)c3ccccc23)cc1,3800.0,nM,5.42,B,Epidermal growth factor receptor
CHEMBL299881,Cc1cccc(Nc2ncnc3cnc(NCCN4CCOCC4)nc23)c1,2.3,nM,8.64,F,Epidermal growth factor receptor
CHEMBL5838931,C=CC(=O)Nc1cc(Nc2ncc(NC(=O)NC)c(-c3cn(C)c4ccccc34)n2)c(OC)cc1N(C)CCN(C)C,1000.0,nM,,B,Epidermal growth factor receptor
CHEMBL3114689,C#Cc1cccc(Nc2ncnc3cc4c(cc23)N(C(=O)/C=C/CN2CCN(C)CC2)CCO4)c1,16.0,nM,7.8,B,Epidermal growth factor receptor
CHEMBL5883660,C=CC(=O)Nc1cc(Nc2nc(-c3cnn(C)c3)c3c(Cl)c[nH]c3n2)c(OC)cc1N1CCN(C)CC1,51.0,nM,7.29,B,Epidermal growth factor receptor
CHEMBL3699585,C=CC(=O)Nc1cccc(Nc2nc(Nc3ccc(N4CCCN(C(C)=O)CC4)cc3OC)ncc2C(F)(F)F)c1,20.0,nM,7.7,B,Epidermal growth factor receptor
CHEMBL3899410,COc1cc2c(Nc3ccc(Cl)c(Br)c3)ncnc2cc1OCC1CN(C)CCO1,50.0,nM,,B,Epidermal growth factor receptor
CHEMBL553,C#Cc1cccc(Nc2ncnc3cc(OCCOC)c(OCCOC)cc23)c1,1.0,nM,9.0,B,Epidermal growth factor receptor
CHEMBL340484,CN1CCN(CCCNc2cc3ncnc(Nc4cccc(Br)c4)c3cn2)CC1,4.898,nM,8.31,B,Epidermal growth factor receptor
CHEMBL5897178,C=CC(=O)Nc1cc(Nc2ncnc(-c3c(-c4ccccc4)n(C)c4ccccc34)n2)c(OC)cc1N(C)CCN(C)C,100.0,nM,,B,Epidermal growth factor receptor
CHEMBL3903725,Nc1ccc(-c2ccc3ncc4c(=O)[nH]c(=O)n(-c5cccc(C(F)(F)F)c5)c4c3n2)cn1,10000.0,nM,,B,Epidermal growth factor receptor
CHEMBL293261,O=C(CCc1c(SSc2[nH]c3ccccc3c2CCC(=O)NCc2ccccc2)[nH]c2ccccc12)NCc1ccccc1,850.0,nM,6.07,B,Epidermal growth factor receptor
CHEMBL5766366,C=CC(=O)Nc1cc(Nc2nccc(-c3nn(C)c4ccccc34)n2)c(OC)cc1N(C)CCN(C)C,100.0,nM,,B,Epidermal growth factor receptor
CHEMBL1630108,O=C(/C=C/c1ccc(-c2ccc3ncnc(Nc4ccc(OCc5cccc(F)c5)c(Cl)c4)c3c2)s1)NO,4.8,nM,8.32,B,Epidermal growth factor receptor
CHEMBL5948133,C=CC(=O)NCc1cccc(Nc2nc(Nc3ccccc3)ncc2C)c1,550.0,nM,6.26,B,Epidermal growth factor receptor
CHEMBL3805089,Cc1ccc(Nc2ncnc3cc(OC(C)C)c4c(c23)OCCO4)cc1[N+](=O)[O-],1000.0,nM,,B,Epidermal growth factor receptor
CHEMBL251314,CCOc1cc2ncnc(C#CC(C)(Cc3ccccc3)N3CCC(C(=O)O)CC3)c2cc1OCC,11.7,nM,7.93,B,Epidermal growth factor receptor
CHEMBL1077,Nc1c(CC(=O)O)cccc1C(=O)c1ccc(Br)cc1,,,,B,Epidermal growth factor receptor
CHEMBL201511,COc1cc(C2=C(c3c[nH]c4ccccc34)C(=O)NC2=O)cc(OC)c1OC,32000.0,nM,4.5,B,Epidermal growth factor receptor
CHEMBL5938217,C=CC(=O)Nc1cc(Nc2nccc(-c3c(C(=O)N(C)C)n(C)c4ccccc34)n2)c(OC)cc1N(C)CCN(C)C,100.0,nM,,B,Epidermal growth factor receptor
CHEMBL4443483,COc1cc2c(Nc3ccc(NC(=O)C(c4cc(F)ccc4F)N4Cc5ccccc5C4=O)cc3F)ncnc2cc1OCC1CCN(C)CC1,2.2,nM,8.66,B,Epidermal growth factor receptor
CHEMBL5963945,CC(=O)N1CCC(c2ccc3c(c2)[nH]/c(=N\C(=O)c2ccnc(-c4cccnc4)c2)n3C2CCCC2)CC1,94.6,nM,7.02,B,Epidermal growth factor receptor
CHEMBL5740251,O=C1CCC(N2C(=O)c3ccc(OCCN4CCN(Cc5ccc(C6Cc7c(NCc8ccccc8Cl)ncnc7N6)cc5)CC4)cc3C2=O)C(=O)N1,3600.0,nM,5.44,B,Epidermal growth factor receptor
CHEMBL3914599,CCCN1CCCOC(COc2cc3ncnc(Nc4ccc(Cl)c(Cl)c4)c3cc2OC)C1,50.0,nM,7.3,B,Epidermal growth factor receptor
CHEMBL5265797,C=CC(=O)N1CCC(C2CCNc3c(C(N)=O)c(-c4cc(C)c(C)c(C)c4)nn32)CC1,2458.0,nM,5.61,B,Epidermal growth factor receptor
CHEMBL5814207,Cc1cnc(Nc2cccc(S(N)(=O)=O)c2)nc1Nc1ccc2c(c1)CCN(C(=O)CCl)C2,10.0,nM,,B,Epidermal growth factor receptor
CHEMBL4587222,CCN1CCN(CCCOc2cc3nccc(Oc4c(F)cc(NC(=O)NN5C(=O)CSC5c5c(F)cccc5F)cc4F)c3cc2OC)CC1,520.0,nM,6.28,B,Epidermal growth factor receptor
CHEMBL113996,COc1cc2ncc(C#N)c(Nc3ccc(F)c(Cl)c3)c2cc1NC(=O)/C=C/CN1CCOCC1,13489.63,nM,4.87,B,Epidermal growth factor receptor
CHEMBL4081732,N#CCCSc1nc(-c2ccc(F)cc2)c(-c2ccnc(Nc3ccccc3)c2)[nH]1,40.0,nM,7.4,B,Epidermal growth factor receptor
CHEMBL3972249,C[C@@H](Nc1ncnc2[nH]c(-c3ccc(CN4CCN(CCCCC(=O)NO)CC4)cc3)cc12)c1ccccc1,100.0,nM,,B,Epidermal growth factor receptor
CHEMBL2337364,Nc1nc(Nc2ccc(Cl)cc2F)c2c(n1)[nH]c1cccc(Cl)c12,38900.0,nM,4.41,B,Epidermal growth factor receptor
CHEMBL2048906,CC(=O)NCCn1ccc2ncnc(Nc3ccc(Oc4cccc5sncc45)c(Cl)c3)c21,2.9,nM,8.54,B,Epidermal growth factor receptor
CHEMBL5882616,Cc1cc(Nc2ncnc3cccc(OC45CCN(CC4)CC5)c23)ccc1Oc1ccn2ccnc2c1,3000.0,nM,,B,Epidermal growth factor receptor
CHEMBL726,OCCN1CCN(CCCN2c3ccccc3Sc3ccc(C(F)(F)F)cc32)CC1,40107.0,nM,4.4,B,Epidermal growth factor receptor
CHEMBL5435225,CCS(=O)(=O)n1cc(-c2nc(Nc3ccc4c(ccn4CCN(C)C)c3)ncc2Cl)c2ccccc21,2471.0,nM,5.61,B,Epidermal growth factor receptor
CHEMBL44,O=c1c(-c2ccc(O)cc2)coc2cc(O)cc(O)c12,600.0,nM,6.22,B,Epidermal growth factor receptor
CHEMBL3898274,COc1cc(N2CCN(S(C)(=O)=O)CC2)c(C)cc1Nc1nccc(-c2c(-c3cccc(C(=O)Nc4c(F)cccc4F)c3)nc3ccccn23)n1,1000.0,nM,,B,Epidermal growth factor receptor
CHEMBL250318,COc1cc2ncnc(C#CCCc3ccccc3)c2cc1OC,14.0,nM,7.85,B,Epidermal growth factor receptor
CHEMBL24828,COc1cc2/c(=N/c3ccc(Br)cc3F)nc[nH]c2cc1OCC1CCN(C)CC1,16.0,nM,7.8,B,Epidermal growth factor receptor
CHEMBL3353410,C=CC(=O)Nc1cc(Nc2nccc(-c3cn(C)c4ccccc34)n2)c(OC)cc1N(C)CCN(C)C,1.03,nM,8.99,B,Epidermal growth factor receptor
CHEMBL4068763,C=CC(=O)Nc1cc(Nc2n[nH]c3cc(Nc4cccc(F)c4)ccc23)c(OC)cc1N(C)CCN(C)C,1.0,nM,,A,Epidermal growth factor receptor
CHEMBL3916953,COc1cc2c(Nc3ccc(Cl)c(Cl)c3)ncnc2cc1OCCC1CN(C(=O)OC(C)(C)C)C(C)(C)CO1,50.0,nM,,B,Epidermal growth factor receptor
CHEMBL3937857,COc1cc2c(Nc3ccc(Cl)c(Cl)c3)ncnc2cc1OCc1noc(-c2c(C)noc2C)n1,50.0,nM,,B,Epidermal growth factor receptor
CHEMBL1683974,CCN1CCN(CCCC#Cc2c(C)ncnc2Nc2ccc(OCc3cccc(F)c3)c(Cl)c2)CC1,9.0,nM,8.05,B,Epidermal growth factor receptor
CHEMBL5804385,C=C(C)C(=O)Cc1cccc(Nc2nc(Nc3ccc(OCCOC)c(F)c3)ncc2F)c1,10.0,nM,,B,Epidermal growth factor receptor
CHEMBL5441026,Cn1cc(-c2ccnc(Nc3cccc(OCCCCn4cnc([N+](=O)[O-])c4)c3)n2)c2ccccc21,1883.0,nM,5.72,B,Epidermal growth factor receptor
CHEMBL799,O=C1CCc2cc(OCCCCc3nnnn3C3CCCCC3)ccc2N1,,,,B,Epidermal growth factor receptor
CHEMBL3699604,C=CC(=O)Nc1cccc(Nc2nc(Nc3ccc(N4CCN(C(=O)OC)CC4)cc3OC)ncc2C(F)(F)F)c1,1.0,nM,,B,Epidermal growth factor receptor
CHEMBL5939316,COCCOc1ccc(Nc2ncc(F)c(Nc3cccc(NC(=O)/C=C/CN4CC[C@@H](O)C4)c3)n2)cc1,550.0,nM,6.26,B,Epidermal growth factor receptor
CHEMBL5266896,C=CC(=O)Nc1cc(Nc2nccc(-c3c4n(c5ccccc35)CCOC4)n2)c(OC)cc1N(C)CCN(C)C,288.0,nM,6.54,B,Epidermal growth factor receptor
CHEMBL434828,O=C(/C=C/c1ccccc1)Nc1cc2c(Nc3cccc(Br)c3)ncnc2cn1,77.0,nM,7.11,B,Epidermal growth factor receptor
CHEMBL1560,C[C@H](CS)C(=O)N1CCC[C@H]1C(=O)O,,,,B,Epidermal growth factor receptor
CHEMBL309598,N#CC(C#N)=C(O)c1cc(O)c(O)c(O)c1,10000.0,nM,5.0,B,Epidermal growth factor receptor
CHEMBL470012,Fc1ccc(Nc2ncnc3nc(Nc4ccc(CCN5CCOCC5)cc4)sc23)cc1Cl,15.0,nM,7.82,B,Epidermal growth factor receptor
CHEMBL6007655,COC1(CCN2CCN(c3ccc4c(c3)C(=O)N(C3CCC(=O)NC3=O)C4=O)CC2)CCN(c2nccc(Nc3cc4c(cn3)nc(C)n4C(C)C)n2)CC1,25.0,nM,7.6,B,Epidermal growth factor receptor
CHEMBL4463634,C=C(Cl)C(=O)Nc1cc(Nc2ncc(C#N)c(-c3cn(C)c4ccccc34)n2)c(OC)cc1N(C)CCN(C)C,137.0,nM,6.86,A,Epidermal growth factor receptor
CHEMBL420885,CC(C)(C)OC(=O)Nc1ccc(-c2[nH]nc3ncnc(Nc4cccc(Cl)c4)c23)cc1,1500.0,nM,5.82,F,Epidermal growth factor receptor
CHEMBL4650319,C=CC(=O)Nc1cc(Nc2ncc(C(=O)OC(C)C)c(-c3cn(C)c4ccccc34)n2)c(OC)cc1N(C)CCN(C)C,34.0,nM,7.47,B,Epidermal growth factor receptor
CHEMBL1203937,CCOc1cc2ncnc(NCc3ccc(F)cc3)c2cc1OCC.Cl,17.0,nM,7.77,B,Epidermal growth factor receptor
CHEMBL554,CS(=O)(=O)CCNCc1ccc(-c2ccc3ncnc(Nc4ccc(OCc5cccc(F)c5)c(Cl)c4)c3c2)o1,10000.0,nM,,F,Epidermal growth factor receptor
CHEMBL5970341,C=CC(=O)N1CCC(Oc2cc3c(Nc4cccc(-c5cnco5)c4)c(C#N)cnc3cc2OC)CC1,190.0,nM,6.72,B,Epidermal growth factor receptor
CHEMBL3932176,CCOc1cc2ncnc(Nc3ccc4c(cnn4Cc4ccccc4)c3)c2cc1NC(=O)/C=C/CN(C)C,6.0,nM,8.22,B,Epidermal growth factor receptor
CHEMBL5183286,CSc1nc(-c2cccc(NC(=O)c3c(F)ccc(O)c3CN3C(=O)c4ccccc4C3=O)c2)c(-c2ccnc(NC(C)=O)c2)[nH]1,1.2,nM,8.92,B,Epidermal growth factor receptor
CHEMBL4439974,CCOc1cc2ncnc(Nc3ccc(F)c(Cl)c3)c2cc1NC(=O)COC(C)=O,34.0,nM,7.47,B,Epidermal growth factor receptor
CHEMBL31184,c1ccc2c(c1)cc1ccc3cccc4ccc2c1c34,,,,B,Epidermal growth factor receptor
CHEMBL2437473,COc1ccc(Nc2ncc3ncc(=O)n(-c4cccc(N)c4)c3n2)cc1,,,,B,Epidermal growth factor receptor
CHEMBL522134,C=CC(=O)Nc1ccc2ncnc(Cc3cccc(C)c3)c2c1,0.4169,nM,9.38,B,Epidermal growth factor receptor
CHEMBL2316157,COc1cc(/C=C2\CCC/C(=C\c3cc(OC)cc(OC)c3)C2=O)cc(OC)c1,2000.0,nM,5.7,B,Epidermal growth factor receptor
CHEMBL4160329,COc1cc2c(Oc3ccc(C4SCC(=O)N4NC(=O)Nc4ccc(F)cc4F)cc3)ccnc2cc1OCCCN1CCOCC1,3350.0,nM,5.47,B,Epidermal growth factor receptor
CHEMBL1812572,O=C(/C=C/c1cccc([N+](=O)[O-])c1)Nc1ccc2ncnc(Nc3cccc(Br)c3)c2c1,120.0,nM,6.92,B,Epidermal growth factor receptor
CHEMBL5944318,Cn1cc(-c2cc(C(=O)/N=c3\[nH]c4ccccc4n3[C@H]3CC[C@@H](O)CC3)cc(Cl)n2)cn1,1535.0,nM,5.81,B,Epidermal growth factor receptor
CHEMBL180022,CCOc1cc2ncc(C#N)c(Nc3ccc(OCc4ccccn4)c(Cl)c3)c2cc1NC(=O)/C=C/CN(C)C,0.58,nM,9.24,B,Epidermal growth factor receptor
CHEMBL553,C#Cc1cccc(Nc2ncnc3cc(OCCOC)c(OCCOC)cc23)c1,4.7,nM,8.33,B,Epidermal growth factor receptor
CHEMBL1088901,CN(C)CCCC(=O)Nc1ccc2ncnc(Nc3cccc(Br)c3)c2c1,1.0,nM,,B,Epidermal growth factor receptor
CHEMBL303037,COc1cc2cc(N)cnc2cc1OC,20000.0,nM,,B,Epidermal growth factor receptor
CHEMBL3759480,COc1cc(C(N)=O)ccc1-c1cc2c(N[C@H](CO)c3ccccc3)ncnc2s1,1.5,nM,8.82,B,Epidermal growth factor receptor
CHEMBL1214185,CC[C@H]1OC(=O)[C@H](C)[C@@H](O[C@H]2C[C@@](C)(OC)[C@@H](O)[C@H](C)O2)[C@H](C)[C@@H](O[C@@H]2O[C@H](C)C[C@H](N(C)C)[C@H]2O)[C@](C)(O)C[C@@H](C)/C(=N\OCOCCOC)[C@H](C)[C@@H](O)[C@]1(C)O,,,,B,Epidermal growth factor receptor
CHEMBL168343,CC(C)(C)ONC(=O)Cc1cc(NCc2cc(O)ccc2O)ccc1O,46000.0,nM,4.34,F,Epidermal growth factor receptor
CHEMBL26260,O=c1cc(-c2ccccc2)oc2ccc3ccccc3c12,,,,B,Epidermal growth factor receptor
CHEMBL29197,COc1cc2ncnc(Nc3cccc(Br)c3)c2cc1OC,0.025,nM,10.6,B,Epidermal growth factor receptor
CHEMBL5178922,O=C(CCCCCCN1CC(c2ccc3ncnc(Nc4ccc(Br)cc4F)c3c2)N=N1)NO,10.3,nM,7.99,B,Epidermal growth factor receptor
CHEMBL5422135,C=CC(=O)Nc1cccc(-c2c(-c3ccc(N4CCN(C)CC4)cc3)oc3ncnc(N[C@H](CO)c4ccccc4)c23)c1,8.0,nM,8.1,B,Epidermal growth factor receptor
CHEMBL4456266,CCOc1cc2ncc(C#N)c(Nc3ccc(OCc4cccc(F)c4)c(Cl)c3)c2cc1NC(=O)C1CSSC1,550.0,nM,6.26,B,Epidermal growth factor receptor
CHEMBL169519,COc1cccc(-c2cn(C3CCNC3)c3ncnc(N)c23)c1,1120.0,nM,5.95,B,Epidermal growth factor receptor
CHEMBL8223,CCN(CC)c1ccc(Nc2cc3c(cc2Nc2ccc(N(CC)CC)cc2)C(=O)NC3=O)cc1,50000.0,nM,4.3,B,Epidermal growth factor receptor
CHEMBL79531,O=C(O)CCCc1c(SSc2[nH]c3ccccc3c2CCCC(=O)O)[nH]c2ccccc12,18000.0,nM,4.75,F,Epidermal growth factor receptor
CHEMBL209148,COc1cc(C)c(Sc2cnc(NC(=O)c3ccc(CNC(C)C(C)(C)C)cc3)s2)cc1C(=O)N1CCN(C(C)=O)CC1,,,,B,Epidermal growth factor receptor
CHEMBL6031178,CC(C)Oc1ccc([C@H](Nc2cc(Cl)c3ncc(C#N)c(Nc4ccc(F)c(Cl)c4)c3c2)C2=CN(C3CCN(C(C)(C)C)CC3)NN2)cn1,53.0,nM,7.28,B,Epidermal growth factor receptor
CHEMBL3608432,C=CC(=O)N[C@@H]1CN(c2nc(Nc3cn(C)nc3C)c3ncn(C(C)C)c3n2)C[C@H]1F,4.0,nM,8.4,B,Epidermal growth factor receptor
CHEMBL5892354,C=CC(=O)Nc1cccc(Nc2nc(Nc3cccc(OCCCn4ccnc4)c3)ncc2F)c1,550.0,nM,6.26,B,Epidermal growth factor receptor
CHEMBL5432716,C=CC(=O)Nc1cc(-c2c(-c3ccccc3)oc3ncnc(NC4CCCC4)c23)ccc1N1CCOCC1,8.0,nM,8.1,B,Epidermal growth factor receptor
CHEMBL5971967,C=CC(=O)N1CC(Nc2cncc(-c3cnc(Oc4cccc(OC(F)F)c4)nc3)n2)C1,1050.0,nM,5.98,B,Epidermal growth factor receptor
CHEMBL245798,COc1cc2c(N[C@@H]3C[C@H]3c3ccccc3)c(C#N)cnc2cc1OC1CCN(C)CC1,360.0,nM,6.44,B,Epidermal growth factor receptor
CHEMBL324718,C=CC(=O)Nc1cc2c(Nc3cccc(Br)c3)c(C#N)cnc2cc1OC,810.0,nM,6.09,B,Epidermal growth factor receptor
CHEMBL6054975,CC(=O)O[C@H]1CO[C@H]2[C@@H]1OC[C@@H]2Oc1ccc(Nc2ncnc3ccsc23)cc1,1000.0,nM,,B,Epidermal growth factor receptor
CHEMBL2347972,OC[C@@H](Nc1ncnc2oc(-c3ccccc3)c(-c3ccc4c(c3)OCO4)c12)c1ccccc1,258.0,nM,6.59,B,Epidermal growth factor receptor
CHEMBL221753,CC(C)(C)CC(C)(C)c1ccc(OCCOCC[N+](C)(C)Cc2ccccc2)cc1.[Cl-],,,,B,Epidermal growth factor receptor
CHEMBL3699620,C=CC(=O)Nc1cccc(Oc2nc(Nc3ccc(N4CCN(C(=O)OC(C)(C)C)CC4)cc3OC(F)(F)F)ncc2Cl)c1,1000.0,nM,,B,Epidermal growth factor receptor
CHEMBL5962813,CC(C)(C)c1ccc(C(=O)N[C@@H]2CCCN(c3nnc(C(N)=O)c(Nc4ccc(S(C)(=O)=O)cc4)n3)C2)cc1,10000.0,nM,,B,Epidermal growth factor receptor
CHEMBL4218431,N#Cc1ccc(O)c(-c2nc(NCc3cnccn3)c3ccccc3n2)c1,1000.0,nM,,A,Epidermal growth factor receptor
CHEMBL5832906,CN(C)C(=O)N[C@@H]1CCCN(c2cnc(C(N)=O)c(Nc3ccc(C4(C(=O)N(C)C)CC4)cc3)n2)C1,5500.0,nM,5.26,B,Epidermal growth factor receptor
CHEMBL179607,C=C(CN1CCOCC1)C(=O)Nc1cc2c(Nc3ccc(OCc4ccccc4)c(Cl)c3)c(C#N)cnc2cc1OCC,75.0,nM,7.12,F,Epidermal growth factor receptor
CHEMBL5291403,C=CC(=O)N1CC[C@@H](n2cc(-c3cnc4ccccc4c3)c3c(N)ncnc32)C1,0.4,nM,9.4,B,Epidermal growth factor receptor
CHEMBL3233793,O=C(/C=C/CN1CCS(=O)(=O)CC1)Nc1cc2c(Nc3ccc(F)c(Cl)c3)ncnc2s1,29.0,nM,7.54,B,Epidermal growth factor receptor
CHEMBL5759210,O=C1CCC(N2C(=O)c3cccc(NCCOCCOCCN4CCN(Cc5ccc(-c6cc7c(NCc8ccccc8Cl)ncnc7[nH]6)cc5)CC4)c3C2=O)C(=O)N1,27.0,nM,7.57,B,Epidermal growth factor receptor
CHEMBL5789149,O=C1CCC(N2C(=O)c3cccc(NCCOCCOCCOCCOCCN4CCN(Cc5ccc(-c6cc7c(NCc8ccccc8Cl)ncnc7[nH]6)cc5)CC4)c3C2=O)C(=O)N1,8500.0,nM,5.07,B,Epidermal growth factor receptor
CHEMBL3805299,COCCOc1cc2ncnc(Nc3ccc(C)c([N+](=O)[O-])c3)c2c2c1OCCO2,1000.0,nM,,B,Epidermal growth factor receptor
CHEMBL330879,COc1cc(/C=C(\C#N)C(N)=O)cc(CSc2ccc3ccccc3c2)c1O,1700.0,nM,5.77,B,Epidermal growth factor receptor
CHEMBL3699602,C=CC(=O)Nc1cccc(Oc2nc(Nc3ccc(N4CCN(S(N)(=O)=O)CC4)cc3OC)ncc2C(F)(F)F)c1,5.5,nM,8.26,B,Epidermal growth factor receptor
CHEMBL5900800,C=CC(=O)Nc1cccc(Nc2nc(Nc3ccc(Cl)c(OCCCS(C)(=O)=O)c3)ncc2F)c1,550.0,nM,6.26,B,Epidermal growth factor receptor
CHEMBL2029429,C=CC(=O)Nc1cccc(N2C(=O)N(C)Cc3cnc(Nc4ccc(N5CCN(C)CC5)c(OC)c4)nc32)c1,1.67,nM,8.78,B,Epidermal growth factor receptor
CHEMBL3925803,COc1cc2c(Nc3ccc(Cl)c(Cl)c3)ncnc2cc1OCC1CN(S(C)(=O)=O)CCCO1,50.0,nM,,B,Epidermal growth factor receptor
CHEMBL3735474,CO[C@H]1CCN(c2nccc(Nc3cc4c(cn3)nc(CO)n4C(C)C)n2)CC1(F)F,10000.0,nM,,B,Epidermal growth factor receptor
CHEMBL39295,COc1cc(/C=C(\C#N)c2ccccn2)ccc1O,2100.0,nM,5.68,F,Epidermal growth factor receptor
CHEMBL4113919,CC(C)n1c(Nc2ccccc2)nc2cnc(Nc3ccc(C(=O)N[N+]4=CCN(C)CC4)cc3)nc21,3.0,nM,8.52,B,Epidermal growth factor receptor
CHEMBL4214803,C/C=C/c1ccc(Nc2ncnc3cc(OC)c(OCCN4CCOCC4)cc23)cc1,,,,B,Epidermal growth factor receptor
CHEMBL342792,COc1cc(/C=C(\C#N)S(=O)(=O)/C(C#N)=C/c2cc(O)c(O)c(OC)c2)cc(O)c1O,4000.0,nM,5.4,F,Epidermal growth factor receptor
CHEMBL4207951,C=CC(=O)N1C[C@@H]2CN(c3nc(Nc4cnn(C)c4)c4ncn(C(C)C)c4n3)C[C@@H]2C1,805.0,nM,6.09,A,Epidermal growth factor receptor
CHEMBL276154,COc1cc2ncnc(Nc3ccc(F)c(Cl)c3)c2cc1OC1CCN(C)CC1,300.0,nM,6.52,F,Epidermal growth factor receptor
CHEMBL493428,CS(=O)(=O)CCNCCCCOc1ccc2ncnc(Nc3ccc4c(cnn4Cc4cccc(F)c4)c3)c2c1,630.0,nM,6.2,F,Epidermal growth factor receptor
CHEMBL129989,COC(=O)c1cc(/N=C/c2cc(O)ccc2O)ccc1OC,100000.0,nM,,F,Epidermal growth factor receptor
CHEMBL128759,OCCN(CCO)c1cc2ncnc(Nc3cccc(Br)c3)c2cn1,12.02,nM,7.92,B,Epidermal growth factor receptor
CHEMBL242541,Nc1ccc2ncnc(Nc3ccc(F)c(Cl)c3)c2c1,29.0,nM,7.54,B,Epidermal growth factor receptor
CHEMBL5932966,C=CC(=O)Nc1cccc(Nc2nc(Nc3ccc(OC(C)CO)c(F)c3)ncc2F)c1,55.0,nM,7.26,B,Epidermal growth factor receptor
CHEMBL5405436,CCN(CC)CCNC(=O)c1c(C)[nH]c(/C=C2\CNc3ccc(F)cc32)c1C,5900.0,nM,5.23,B,Epidermal growth factor receptor
CHEMBL1173655,CN(C)C/C=C/C(=O)Nc1cc2c(Nc3ccc(F)c(Cl)c3)ncnc2cc1O[C@H]1CCOC1,99.0,nM,7.0,B,Epidermal growth factor receptor
CHEMBL4077930,COc1cc2ncnc(Oc3ccc(NC(=O)Nc4cccc(C(F)(F)F)c4)c4ccccc34)c2cc1OC,83900.0,nM,4.08,B,Epidermal growth factor receptor
CHEMBL5796638,Cc1cc(C(=O)/N=c2\[nH]c3cc(CN4CCN(C)CC4)ccc3n2[C@H]2CCC[C@H](O)C2)cc(-c2cnn(C)c2)n1,7475.0,nM,5.13,B,Epidermal growth factor receptor
CHEMBL4080008,C=CC(=O)Nc1cc(Nc2nccc(-c3cn4c5c(cccc35)CCC4)n2)c(OC)cc1N1CC(CN(C)C)C1,11.6,nM,7.94,B,Epidermal growth factor receptor
CHEMBL6024312,C=CC(=O)N1CCC[C@@H](n2nc(C(=O)Nc3nc4ccccc4o3)c3c(N)ncnc32)C1,16.9,nM,7.77,B,Epidermal growth factor receptor
CHEMBL3699590,C=CC(=O)Nc1cccc(Nc2nc(Nc3ccc(N4CCN(C(=O)CO)CC4)cc3OC)ncc2Cl)c1,1.0,nM,,B,Epidermal growth factor receptor
CHEMBL5882437,Cc1cc(C(=O)/N=c2\[nH]c3ccccc3n2[C@@H]2C[C@H](O)C[C@H](O)C2)cc(-c2cnn(C)c2)n1,17.7,nM,7.75,B,Epidermal growth factor receptor
CHEMBL4225306,CN1CCN(c2ccc(Nc3ncc4nc(Sc5ccccc5)n(C5CCCC5)c4n3)cc2)CC1,,,,B,Epidermal growth factor receptor
CHEMBL4756049,Cc1ccc(Oc2ccc(Nc3ncnc4cc(OCCCN5CCOCC5)c(NC(=O)c5cc([N+](=O)[O-])ccc5F)cc34)cc2Cl)cn1,419.0,nM,6.38,B,Epidermal growth factor receptor
CHEMBL251497,CC(C)(O)C#Cc1ccc2ncnc(Nc3ccc(F)c(Cl)c3)c2c1,151.5,nM,6.82,B,Epidermal growth factor receptor
CHEMBL12089,COc1ccc2cc3[n+](cc2c1OC)CCc1cc2c(cc1-3)OCO2.[Cl-],,,,B,Epidermal growth factor receptor
CHEMBL3805618,CCOC(C)Oc1cc2ncnc(Nc3ccc(C)c(C#N)c3)c2c2c1OCCO2,1000.0,nM,,B,Epidermal growth factor receptor
CHEMBL5947149,C=CC(=O)Nc1cccc(-c2cccc3cnc(Nc4ccc(N5CCN(C)CC5)c(C(N)=O)c4)nc23)c1,300.0,nM,6.52,B,Epidermal growth factor receptor
CHEMBL5857682,CN1CCN(Cc2ccc(C(=O)NC3C4Oc5ccc(Oc6ccnc7c6CCC(=O)N7)cc5C34)cc2C(F)(F)F)CC1,2.5,nM,8.6,B,Epidermal growth factor receptor
CHEMBL5807627,C=CC(=O)N1CCCC(N(C)c2nc(Nc3ccc(N4CCOCC4)cc3)c3c(c2F)CNC3=O)C1,1588.0,nM,5.8,B,Epidermal growth factor receptor
CHEMBL5984029,CC(C)n1nc(N2CCN(CC3CCN(c4ccc5c(c4)C(=O)N(C4CCC(=O)NC4=O)C5=O)CC3)CC2)c2cnc(Nc3ccnc(-c4cnn(S(=O)(=O)C5CC5)c4)n3)cc21,4.9,nM,8.31,B,Epidermal growth factor receptor
CHEMBL595497,CCCC(=Cc1coc2nc(=N)[nH]c(N)c12)c1ccccc1OC,160300.0,nM,,B,Epidermal growth factor receptor
CHEMBL4286998,c1ccc(-c2nc3sc(-c4ccccc4)cn3n2)cc1,9800.0,nM,5.01,B,Epidermal growth factor receptor
CHEMBL4165126,C=CC(=O)Nc1cc(Nc2nccc(Nc3ccccc3-n3nccn3)n2)c(OC)cc1N1CCOCC1,838.5,nM,6.08,B,Epidermal growth factor receptor
CHEMBL5862436,O=C1CCc2c(Oc3ccc4c(c3)[C@H]3[C@H](NC(=O)c5ccc(CN6CCN(CCO)CC6)c(C(F)(F)F)c5)[C@H]3O4)ccnc2N1,1.4,nM,8.85,B,Epidermal growth factor receptor
CHEMBL5401604,Cn1cc(-c2ccnc(Nc3ccc(OCCCCn4ccnc4[N+](=O)[O-])cc3)n2)c2ccccc21,1179.0,nM,5.93,B,Epidermal growth factor receptor
CHEMBL3353412,C=CC(=O)Nc1cc(Nc2nccc(-c3cn(C)c4ccccc34)n2)c(OC)cc1N(C)CCNC,300.0,nM,6.52,B,Epidermal growth factor receptor
CHEMBL3676338,C=CC(=O)Nc1cc2c(Nc3cccc(Cl)c3F)ncnc2cc1OCCNC(=O)CN(C)C,924.0,nM,6.03,B,Epidermal growth factor receptor
CHEMBL3087209,C=CC(=O)NC1CCC(N2C(=O)N(Cc3ccccc3)Cc3cnc(Nc4ccc(N5CCN(C)CC5)cc4OC)nc32)CC1,708.5,nM,6.15,B,Epidermal growth factor receptor
CHEMBL2385975,CCOc1cc(N)c(C(=O)Nc2ccc(OCc3ccccn3)c(Cl)c2)cc1NC(=O)/C=C/CN(C)C,800.0,nM,6.1,B,Epidermal growth factor receptor
CHEMBL554,CS(=O)(=O)CCNCc1ccc(-c2ccc3ncnc(Nc4ccc(OCc5cccc(F)c5)c(Cl)c4)c3c2)o1,1000.0,nM,,B,Epidermal growth factor receptor
CHEMBL5805552,COc1cc(N2CCN(C3CCN(C(C)=O)CC3)CC2)ccc1Nc1ncc(Cl)c(Nc2ccccc2NS(C)(=O)=O)n1,12.0,nM,7.92,B,Epidermal growth factor receptor
CHEMBL4072620,C=CC(=O)Nc1cc(Nc2nccc(-c3cn(C)c4c(F)cccc34)n2)c(OC)cc1N(C)CC[N+](C)(C)[O-],595.2,nM,6.22,A,Epidermal growth factor receptor
CHEMBL3114690,C#Cc1cccc(Nc2ncnc3cc4c(cc23)N(C(=O)/C=C/CN(C)C)CCO4)c1,46.0,nM,7.34,B,Epidermal growth factor receptor
CHEMBL5076986,CN1CCN(C2CCN(c3ccc(Nc4ncc(Cl)c(Nc5ccccc5P(C)(C)=O)n4)cc3Cl)CC2)CC1,0.6,nM,9.22,B,Epidermal growth factor receptor
CHEMBL3787344,Cc1cc(C(=O)Nc2nc3cccc(Cl)c3n2[C@@H]2CCCCN(C(=O)/C=C/CN(C)C)C2)ccn1,160.6,nM,6.79,A,Epidermal growth factor receptor
CHEMBL4517633,N#Cc1cnc2cc(OC[C@@H](O)CO)c(NC(=O)C3CSSC3)cc2c1Nc1ccc(OCc2cccc(F)c2)c(Cl)c1,125.0,nM,6.9,A,Epidermal growth factor receptor
CHEMBL4562744,CNc1cncc(-c2c[nH]c3nc(Nc4ccc(N5CCN(C(C)=O)CC5)cc4)nc(OC4CCOCC4)c23)n1,937.0,nM,6.03,B,Epidermal growth factor receptor
CHEMBL554,CS(=O)(=O)CCNCc1ccc(-c2ccc3ncnc(Nc4ccc(OCc5cccc(F)c5)c(Cl)c4)c3c2)o1,10.8,nM,7.97,B,Epidermal growth factor receptor
CHEMBL5517918,C=CC(=O)N1C[C@@H](n2cc(-c3ccncc3)c(-c3cccc(OCc4ccc5c(c4)CN(C)C5=O)c3)n2)C[C@@H]1C,230.0,nM,6.64,B,Epidermal growth factor receptor
CHEMBL5877898,CN(C)C/C=C/C(=O)N1CCOc2c1ccc1ncnc(Nc3ccc(Oc4ccc(Cl)cc4)cc3)c21,50.0,nM,,B,Epidermal growth factor receptor
CHEMBL3965075,CCOCc1ccc2c(c1)nc(NC(=O)c1cccc(C(F)(F)F)c1)n2[C@H]1CC[C@H](O)CC1,42000.0,nM,,A,Epidermal growth factor receptor
CHEMBL5290340,COc1cc2c(Nc3ccc(Oc4ccccc4F)cc3)ncnc2cc1OCC1CCN(C)CC1,20.0,nM,7.7,B,Epidermal growth factor receptor
CHEMBL5281203,C=CC(=O)Nc1cc(Nc2ncc(C(=O)OC(C)C)c(-c3cn(C4CC4)c4ccccc34)n2)c(OC)cc1N(C)CCN(C)C,100.0,nM,,B,Epidermal growth factor receptor
CHEMBL5200598,COc1cc(N2CCC(N3CCN(C)CC3)CC2)ccc1Nc1ncc(Cl)c(-c2cn(S(=O)(=O)C3CC3)c3ccccc23)n1,222.3,nM,6.65,B,Epidermal growth factor receptor
CHEMBL5856597,C=CC(=O)Nc1ccc(Nc2nc(Nc3ccc(OCCOC)c(F)c3)ncc2F)cc1,1000.0,nM,,B,Epidermal growth factor receptor
CHEMBL3233020,O=C(/C=C/CN1CC2(COC2)C1)Nc1cc2c(Nc3ccc(F)c(Cl)c3)ncnc2s1,43.0,nM,7.37,B,Epidermal growth factor receptor
CHEMBL1172418,CC(=O)N1N=C(c2ccc(Cl)c(Cl)c2)CC1c1ccccc1Cl,24150.0,nM,4.62,B,Epidermal growth factor receptor
CHEMBL554,CS(=O)(=O)CCNCc1ccc(-c2ccc3ncnc(Nc4ccc(OCc5cccc(F)c5)c(Cl)c4)c3c2)o1,24.0,nM,7.62,B,Epidermal growth factor receptor
CHEMBL79808,COC(=O)CCc1c(SSc2[nH]c3ccccc3c2CCC(=O)OC)[nH]c2ccccc12,21000.0,nM,4.68,F,Epidermal growth factor receptor
CHEMBL3983450,CCCCc1ccc(C(=O)N2CCOC(COc3cc4ncnc(Nc5ccc(Cl)c(Cl)c5)c4cc3OC)C2)cc1,50.0,nM,,B,Epidermal growth factor receptor
CHEMBL5819792,C=C(C#N)C(O)c1ccc(Nc2nc(Nc3ccccc3)ncc2F)cc1,550.0,nM,6.26,B,Epidermal growth factor receptor
CHEMBL4062617,C=CC(=O)NCc1cccc(-c2nc(C3CC3)c(-c3ccnc4[nH]c(-c5ccccc5)cc34)[nH]2)c1,3920.0,nM,5.41,B,Epidermal growth factor receptor
CHEMBL939,COc1cc2ncnc(Nc3ccc(F)c(Cl)c3)c2cc1OCCCN1CCOCC1,20.0,nM,7.7,B,Epidermal growth factor receptor
CHEMBL5420051,C=CC(=O)Nc1cccc(-c2c(-c3ccccc3)oc3ncnc(NCCC(=O)O)c23)c1,89.0,nM,7.05,B,Epidermal growth factor receptor
CHEMBL120667,Cc1c(C)n(C)c2ncnc(Nc3cccc(Cl)c3)c12,450000.0,nM,,B,Epidermal growth factor receptor
CHEMBL4474196,CCC(=O)N1CCC[C@@H](n2c(=O)c(-c3cccc(F)c3Cl)c(C)c3cnc(Nc4ccc(N5CCN(C)CC5)c(C)c4)nc32)C1,1000.0,nM,,B,Epidermal growth factor receptor
CHEMBL3133910,C=CC(=O)Nc1ccc2ncnc(Nc3ccc(S(N)(=O)=O)cc3)c2c1,,,,B,Epidermal growth factor receptor
CHEMBL3805475,COc1ccc(Nc2ncnc3cc(OC(C)C)c4c(c23)OCCO4)cc1[N+](=O)[O-],1000.0,nM,,B,Epidermal growth factor receptor
CHEMBL405398,Brc1cccc(Nc2ncnc3ccncc23)c1NCCN1CCOCC1,3.236,nM,8.49,B,Epidermal growth factor receptor
CHEMBL4125764,C=CC(=O)N[C@@H]1CCN(c2nc(Nc3ccccc3)nc3cnc(Nc4ccc(N5CCN(C)CC5)cn4)cc23)C1,2.7,nM,8.57,A,Epidermal growth factor receptor
CHEMBL5867043,C=CC(=O)Nc1cc(Nc2nccc(-c3cc(F)c4nc(COC)n(C(C)C)c4c3)n2)c(OC)cc1N(C)CCN(C)C,25.0,nM,7.6,B,Epidermal growth factor receptor
CHEMBL117055,CCOc1ccc2nc(SCc3cc(/C=C(\C#N)C(N)=O)cc(OC)c3O)sc2c1,167000.0,nM,,B,Epidermal growth factor receptor
CHEMBL5082422,CC#CC(=O)Nc1cccc(-c2nccc(-c3cc4c([nH]3)C3(CCNCC3)CNC4=O)n2)c1,499.0,nM,6.3,B,Epidermal growth factor receptor
CHEMBL202424,CCCCC#CC(=O)Nc1cc2c(Nc3ccc(F)c(Cl)c3)ncnc2cn1,4.5,nM,8.35,F,Epidermal growth factor receptor
CHEMBL5270335,C=CC(=O)Nc1cc(Nc2ncc(C(=O)OC(C)C)c(-c3cn(C)c4ccccc34)n2)c(OC)cc1N(C)C[C@@H]1CCCN1C,100.0,nM,,B,Epidermal growth factor receptor
CHEMBL2325094,Clc1ccc(C2=NN(c3ccccc3)C(c3cccc4ccccc34)C2)cc1Cl,140.0,nM,6.85,B,Epidermal growth factor receptor
CHEMBL3671524,C=CC(=O)Nc1cc2c(Nc3ccc(Br)cc3F)ncnc2cc1OCCNC(=O)CCC,32.0,nM,7.5,B,Epidermal growth factor receptor
CHEMBL2018878,CCCCOc1cc2c(Nc3ccc(NC(=O)OC)c(C)c3)ncnc2cc1OCCN(CC)CC,10000.0,nM,,B,Epidermal growth factor receptor
CHEMBL266404,COc1ccc2c(c1)Nc1ncnc(O)c1C2,,nM,,B,Epidermal growth factor receptor
CHEMBL185686,O=c1c2cccc(O)c2oc2cccc(O)c12,900.0,nM,6.05,B,Epidermal growth factor receptor
CHEMBL1272005,OC[C@H](Nc1ncnc2sc3c(c12)CCCC3)c1ccccc1,20000.0,nM,,B,Epidermal growth factor receptor
CHEMBL5895307,CN1C(C)(C)CC(Oc2ccc(C(=O)N[C@@H]3[C@H]4Oc5ccc(Oc6ccnc7c6CCC(=O)N7)cc5[C@@H]34)cc2C(F)(F)F)CC1(C)C,9.5,nM,8.02,B,Epidermal growth factor receptor
CHEMBL2178351,CC(C)n1c(Nc2ccccc2)nc2cnc(Nc3ccc(N4CCN(C)CC4)cc3)nc21,5.0,nM,8.3,B,Epidermal growth factor receptor
CHEMBL5938217,C=CC(=O)Nc1cc(Nc2nccc(-c3c(C(=O)N(C)C)n(C)c4ccccc34)n2)c(OC)cc1N(C)CCN(C)C,100.0,nM,,B,Epidermal growth factor receptor
CHEMBL2447950,CCOc1cc2ncnc(Nc3cccc(Cl)c3)c2cc1OCC.Cl,1.2,nM,8.92,F,Epidermal growth factor receptor
CHEMBL5560466,C=CC(=O)N1C[C@@H](n2cc(-c3ccncc3)c(-c3cc(COc4ccc5c(c4)CN(C)C5=O)ccc3F)n2)C[C@H]1C,794328234.72,nM,,B,Epidermal growth factor receptor
CHEMBL5555518,O=C(Nc1ccc(C2NCCc3c2[nH]c2ccccc32)cc1)c1ccc(F)c(C(F)(F)F)c1,100000.0,nM,,B,Epidermal growth factor receptor
CHEMBL3763757,COCCOc1cc2ncnc(Nc3ccc(NC(=O)C45CC6CC(CC(C6)C4)C5)c(OC)c3)c2cc1OCCOC,10.8,nM,7.97,B,Epidermal growth factor receptor
CHEMBL5885359,N#Cc1cnc2c(Cl)cc(N[C@H](C3=CN(CCO)NN3)c3cscn3)cc2c1Nc1ccc(F)c(Cl)c1,2.0,nM,8.7,B,Epidermal growth factor receptor
CHEMBL6010216,CCN(CC)C/C=C/C(=O)N1CC[C@@H](n2cc(C(=O)Nc3nc4cc(-c5ccccc5)ccc4o3)c3c(N)ncnc32)C1,23.5,nM,7.63,B,Epidermal growth factor receptor
CHEMBL5903629,C[C@@H]1[C@H](N2CCN(C)C2=O)CCCN1c1cnc(C(N)=O)c(Nc2ccc(C3(C)CCN(C4CCCC4)CC3)cc2)n1,55.0,nM,7.26,B,Epidermal growth factor receptor
CHEMBL4464589,CCC/C=C\C(=O)Nc1cc(Nc2nccc(-c3cn(C)c4ccc(F)cc34)n2)c(OC)cc1N(C)CCN(C)C,12.0,nM,7.92,A,Epidermal growth factor receptor
CHEMBL5945102,C=CC(=O)N1CCCC(Nc2nc(-c3cnn(C)c3)c3c(c2F)CNC3=O)C1,3949.0,nM,5.4,B,Epidermal growth factor receptor
CHEMBL3906473,COc1cc(N2CCC(O)CC2)ccc1Nc1nccc(-c2c(-c3cccc(C(=O)Nc4c(F)cccc4F)c3)nc3ccccn23)n1,1000.0,nM,6.0,B,Epidermal growth factor receptor
CHEMBL125086,CCOc1cc2ncnc(Nc3cccc(-c4ccco4)c3)c2cc1OCC,3.0,nM,8.52,B,Epidermal growth factor receptor
CHEMBL6036686,C=CC(=O)Nc1cc(Nc2ncc(Cl)c(-c3cnc4c(cnn4C)c3)n2)c(OC)cc1N1CCC(N(C)C)CC1,233.0,nM,6.63,B,Epidermal growth factor receptor
CHEMBL1241269,CC(C)n1cc(-c2cccc(O)c2)c2c(N)ncnc21,,,,B,Epidermal growth factor receptor
CHEMBL4457885,COc1cc2ncnc(Nc3ccc(OCc4cccc(F)c4)c(Cl)c3)c2cc1NC(=O)C1CSSC1,6.5,nM,8.19,B,Epidermal growth factor receptor
CHEMBL5598116,CCCNNC(=O)c1ccc(Cn2cc(Nc3ncc(Cl)c(-c4cnc5ccccn45)n3)cn2)cc1,10000.0,nM,,B,Epidermal growth factor receptor
CHEMBL5827561,COc1cccc(Nc2ncc(C(F)(F)F)c(N[C@@H]3CCC[C@H](C(=O)C=C(C)C)C3)n2)c1,1000.0,nM,,B,Epidermal growth factor receptor
CHEMBL4095439,C=CC(=O)Nc1cc(Br)cc(-n2c(=O)cc(C)c3cnc(Nc4ccc(N5CCN(C)CC5)cc4OC)nc32)c1,57.0,nM,7.24,A,Epidermal growth factor receptor
CHEMBL3953921,C=CC(=O)N1CCCC(n2c(NC(=O)c3cccc(C(F)(F)F)c3)nc3cc(C)ccc32)C1,10000.0,nM,,A,Epidermal growth factor receptor
CHEMBL5981967,COCCOc1ccc(Nc2ncc(F)c(Nc3ccc(CC(=O)C=C(C)C)cc3)n2)cc1F,1000.0,nM,,B,Epidermal growth factor receptor
CHEMBL3986363,C=CC(=O)Nc1cccc(Nc2nc(Nc3ccc(OC)c(OC)c3OC)ncc2Cl)c1,5.5,nM,8.26,B,Epidermal growth factor receptor
CHEMBL5763336,Cc1nc(F)ccc1[C@H](Nc1cc(Cl)c2ncc(C#N)c(NCC(C)(C)C)c2c1)C1=CN(C2(C3CC3)CC2)NN1,2.0,nM,8.7,B,Epidermal growth factor receptor
CHEMBL4757145,C=CC(=O)Nc1cc(-c2c[nH]c3ncnc(Nc4ccc(OCc5ccccn5)c(Cl)c4)c23)ccc1OCCN(C)C,0.09,nM,10.05,B,Epidermal growth factor receptor
CHEMBL5811184,Cc1ncsc1-c1ccc(CNC(=O)[C@@H]2C[C@@H](O)CN2C(=O)C(C(C)C)N2Cc3ccccc3C2=O)c(OCCCCOc2ccc(-c3nccc(Nc4cc5c(cn4)nc(C)n5C(C)C)n3)cc2)c1,30000.0,nM,,B,Epidermal growth factor receptor
CHEMBL604094,O=C(CCCCCCOc1ccc2ncnc(Nc3ccc(F)c(Cl)c3)c2c1)NO,84.2,nM,7.08,B,Epidermal growth factor receptor
CHEMBL4852664,C#Cc1cccc(Nc2ncnc3cc(OC)c(OCCCCCN/C(=N\C#N)Nc4cccnc4)cc23)c1,228.0,nM,6.64,B,Epidermal growth factor receptor
CHEMBL5915453,C=CC(=O)N1CCC(Oc2cc3c(Nc4cccc5cnn(C)c45)ncnc3cc2OC)C1,10000.0,nM,,B,Epidermal growth factor receptor
CHEMBL5999223,COc1cc2ncnc(Nc3ccc(F)c(Cl)c3)c2cc1NC(=O)/C=C/CN1CCC1CO,2.3,nM,8.64,B,Epidermal growth factor receptor
CHEMBL3353408,C=CC(=O)Nc1cc(Nc2ncc(Cl)c(-c3c[nH]c4ccccc34)n2)c(OC)cc1N(C)CCN(C)C,100.0,nM,,B,Epidermal growth factor receptor
CHEMBL5949585,C=CC(=O)Nc1cccc(-c2cccc3cnc(Nc4ccc(N5CCOCC5)cc4)nc23)c1,100.0,nM,,B,Epidermal growth factor receptor
CHEMBL4160581,CC(C)Oc1cc(-c2nc(CN3CCN(CCO)CC3)cs2)ccc1Nc1ncc(Cl)c(Nc2ccccc2S(=O)(=O)C(C)C)n1,1000.0,nM,,B,Epidermal growth factor receptor
CHEMBL5190513,Fc1cc2c(cc1Cl)Nc1ncnc3ccc(cc13)OCCOCCO2,100000.0,nM,,B,Epidermal growth factor receptor
CHEMBL3976226,CCC(=O)N1CCOC(COc2cc3ncnc(Nc4ccc(Cl)c(Cl)c4)c3cc2OC)C1,50.0,nM,,B,Epidermal growth factor receptor
CHEMBL5180388,CCc1cc(Nc2ncc(Br)c(Nc3ccc4nccnc4c3P(C)(C)=O)n2)c(OC)cc1N1CCC(N2CC(N(C)C)C2)CC1,0.08,nM,10.1,B,Epidermal growth factor receptor
CHEMBL5435735,COc1cc(N2CCC(N3CCN(C)CC3)CC2)c(C)cc1Nc1nccc(-n2cc(CN[C@H](C)CO)c(-c3ccccc3)n2)n1,71.85,nM,7.14,B,Epidermal growth factor receptor
CHEMBL5956726,COc1cc2c(Nc3ccc(Cl)c(Cl)c3)ncnc2cc1OCc1csc(C)n1,50.0,nM,,B,Epidermal growth factor receptor
CHEMBL3545311,COc1cc(N2CCC(N3CCN(C)CC3)CC2)ccc1Nc1ncc(Cl)c(Nc2ccccc2P(C)(C)=O)n1,1.0,nM,9.0,B,Epidermal growth factor receptor
CHEMBL3671502,C=CC(=O)Nc1cc2c(Nc3ccc(Br)cc3F)ncnc2cc1OCCN,4.0,nM,8.4,B,Epidermal growth factor receptor
CHEMBL3818062,COc1cc2ncnc(Nc3ccc(F)c(Cl)c3)c2cc1NC(=O)[C@H]1NC(=O)O[C@@H]1C,40.16,nM,7.4,B,Epidermal growth factor receptor
CHEMBL5971757,O=C1CCC(N2C(=O)c3cccc(NCCOCCOCCOCC#Cc4cccc5c4C(=O)N([C@@H](C(=O)Nc4nccs4)c4cc(F)ccc4O)C5)c3C2=O)C(=O)N1,290.0,nM,6.54,B,Epidermal growth factor receptor
CHEMBL4129902,C=CC(=O)Nc1cccc(-n2c(=O)n(C(C)C)c(=O)c3cnc(Nc4ccc(N(C)CCN(C)C)cc4OC)nc32)c1,121.0,nM,6.92,A,Epidermal growth factor receptor
CHEMBL31965,C=CC(=O)Nc1cc2c(Nc3ccc(F)c(Cl)c3)ncnc2cc1OCCCN1CCOCC1,1.5,nM,8.82,B,Epidermal growth factor receptor
CHEMBL3133911,C=CC(=O)Nc1ccc2ncnc(Nc3ccc(S(=O)(=O)NC(=N)N)cc3)c2c1,,,,B,Epidermal growth factor receptor
CHEMBL3676356,C=CC(=O)Nc1cc2c(Nc3cc(Cl)c(Cl)cc3F)ncnc2cc1OCCN(C)C,321.0,nM,6.49,B,Epidermal growth factor receptor
CHEMBL939,COc1cc2ncnc(Nc3ccc(F)c(Cl)c3)c2cc1OCCCN1CCOCC1,1.5,nM,8.82,B,Epidermal growth factor receptor
CHEMBL384067,COc1cc2c(cc1OC)Oc1ncnc(Oc3cccc(Br)c3)c1N(C)C2,1200.0,nM,5.92,F,Epidermal growth factor receptor
CHEMBL3950549,COc1cc2ncnc(Nc3ccc(F)c(Cl)c3)c2cc1NC(=O)/C=C/CN(C(C)C)C(C)C,2.0,nM,8.7,B,Epidermal growth factor receptor
CHEMBL6057769,Cc1ncsc1-c1ccc([C@H](C)NC(=O)[C@@H]2C[C@@H](O)CN2C(=O)[C@@H](NC(=O)COCCCOc2ccc(N3CCN(CCOCc4nc5cnc(Nc6ccnc(-c7cnn(S(=O)(=O)C8CC8)c7)n6)cc5n4C(C)C)CC3)cc2)C(C)(C)C)cc1,380.0,nM,6.42,B,Epidermal growth factor receptor
CHEMBL197568,CCOC(=O)c1cn2ncnc(Nc3ccc4c(cnn4Cc4ccccc4)c3)c2c1Cc1ccccc1,25000.0,nM,,B,Epidermal growth factor receptor
CHEMBL4548960,CCC/C=C\C(=O)Nc1cc(Nc2nc(C)cc(-c3cn(C)c4ccccc34)n2)c(OC)cc1N(C)CCN(C)C,8.0,nM,8.1,B,Epidermal growth factor receptor
CHEMBL4637355,CCN1CCN(CC(=O)Nc2nnc3c4ccccc4nc(Sc4ccc(Br)cc4)n23)CC1,3910.0,nM,5.41,B,Epidermal growth factor receptor
CHEMBL5187838,COc1cc(N2CCC(N3CCN(CCO)CC3)CC2)ccc1Nc1ncc(Cl)c(Nc2ccccc2NS(C)(=O)=O)n1,0.8,nM,9.1,B,Epidermal growth factor receptor
CHEMBL6043477,CC#CC(=O)N(C)[C@@H](C)c1nc(-c2ccc(C(=O)Nc3ccc(C)cn3)cc2)c2c(N)nccn12,354.0,nM,6.45,B,Epidermal growth factor receptor
CHEMBL6064280,C=CC(=O)Nc1cccc(Oc2nc(Nc3cccc(OCCCS(C)(=O)=O)c3)ncc2F)c1,100.0,nM,,B,Epidermal growth factor receptor
CHEMBL5929019,C=CC(=O)N1CCC[C@H]1c1nc(-c2ccc(Oc3cccc(F)c3F)cc2)c2cnccn12,5500.0,nM,5.26,B,Epidermal growth factor receptor
CHEMBL6015337,Cn1cccc([C@H](Nc2cc(Cl)c3ncc(C#N)c(NCC(C)(C)C)c3c2)C2=CN(C3(C(F)(F)F)CC3)NN2)c1=O,18.0,nM,7.75,B,Epidermal growth factor receptor
CHEMBL92825,Ic1cccc(Nc2ncnc3ccccc23)c1,80.0,nM,7.1,B,Epidermal growth factor receptor
CHEMBL5561729,Fc1ccccc1COc1cccc(-c2n[nH]cc2-c2ccncn2)c1,95.0,nM,7.02,B,Epidermal growth factor receptor
CHEMBL4207984,N#Cc1ccc(O)c(-c2nc(NCc3cccnc3)c3ccccc3n2)c1,50000.0,nM,4.3,B,Epidermal growth factor receptor
CHEMBL5764023,Cc1cccc(Nc2nc(Nc3cccc(NC(=O)/C=C/CN(C)C)c3)ncc2F)c1,10.0,nM,,B,Epidermal growth factor receptor
CHEMBL4558324,C=CC(=O)Nc1cc(Nc2nccc(-n3cc(CN(C)C)c(-c4ccccc4)n3)n2)c(OC)cc1N1CCOCC1,2.0,nM,,B,Epidermal growth factor receptor
CHEMBL5976678,C=CC(=O)Nc1cccc(Nc2nc(Nc3ccc(OCC(O)CO)c(F)c3)ncc2F)c1,10.0,nM,,B,Epidermal growth factor receptor
CHEMBL6043736,Cc1cc(Nc2ncnc3ccc4c(c23)OCCN4C(=O)/C=C/CN2CCCCC2)ccc1Oc1ccn2ncnc2c1,275.0,nM,6.56,B,Epidermal growth factor receptor
CHEMBL5933379,O=C1CCC(N2C(=O)c3cccc(NCCOCCOCC#Cc4cccc5c4C(=O)N([C@@H](C(=O)Nc4nccs4)c4cc(F)ccc4O)C5)c3C2=O)C(=O)N1,4200.0,nM,5.38,B,Epidermal growth factor receptor
CHEMBL597773,COc1cc2ncnc(Nc3ccc(F)c(Cl)c3)c2cc1NC(=O)CCCCCCC(=O)NO,2.1,nM,8.68,B,Epidermal growth factor receptor
CHEMBL5280082,COc1cc(N2CCC(N(C)C)CC2)ccc1Nc1ncc(C(=O)OC(C)C)c(-c2cn(C)c3ccccc23)n1,19.0,nM,7.72,B,Epidermal growth factor receptor
CHEMBL1928955,O=C(COc1ccccc1)Nc1cccc(Oc2cc(Nc3ccc(OCc4cccc(F)c4)c(Cl)c3)ncn2)c1,65.0,nM,7.19,B,Epidermal growth factor receptor
CHEMBL421548,O=C1Nc2ccc(Cl)cc2/C1=C/c1ccc(N2CCOCC2)cc1,10000.0,nM,,B,Epidermal growth factor receptor
CHEMBL4465103,C=CC(=O)Nc1cc(Nc2nccc(Nc3ccccc3P(C)(C)=O)n2)c(OC)cc1N(C)CCN(C)C,35.0,nM,7.46,B,Epidermal growth factor receptor
CHEMBL6047250,N#CN1CCCC(n2nc(-c3ccc(Oc4ccc(F)cc4F)cc3)c(C(N)=O)c2N)C1,16800.0,nM,4.78,B,Epidermal growth factor receptor
CHEMBL5563885,O=C(NO)c1ccsc1Nc1nc(Nc2ccc(N3CCOCC3)cc2)ncc1Cl,896.7,nM,6.05,B,Epidermal growth factor receptor
CHEMBL93966,Nc1ccc2c(Nc3cccc(F)c3)ncnc2c1,2.0,nM,8.7,B,Epidermal growth factor receptor
CHEMBL5285503,CC(C)n1nc(N2CC(CO)C2)c2cnc(Nc3ccnc(-c4cnn(S(=O)(=O)C5CC5)c4)n3)cc21,28.0,nM,7.55,B,Epidermal growth factor receptor
CHEMBL56393,N#C/C(=C\c1ccc(O)c(O)c1)C(=O)c1ccc(O)c(O)c1,370.0,nM,6.43,B,Epidermal growth factor receptor
CHEMBL4783428,Fc1cc(Br)c(F)c(Nc2ncnc3cc4c(cc23)OCCO4)c1,6.16,nM,8.21,B,Epidermal growth factor receptor
CHEMBL3353410,C=CC(=O)Nc1cc(Nc2nccc(-c3cn(C)c4ccccc34)n2)c(OC)cc1N(C)CCN(C)C,16.7,nM,7.78,A,Epidermal growth factor receptor
CHEMBL520803,C#Cc1cccc(Nc2nc(N)nc3[nH]c(CCc4ccccc4)cc23)c1,200000.0,nM,,B,Epidermal growth factor receptor
CHEMBL5951162,CN(C)C(=O)C(=O)c1ccccc1Nc1cc(Cl)ccc1Cl,16.0,nM,7.8,B,Epidermal growth factor receptor
CHEMBL3092307,CCN(CC)CCNC(=O)Nc1cc2c(Nc3ccc(F)c(Cl)c3)ncnc2cc1O[C@H]1CCOC1,2235.0,nM,5.65,B,Epidermal growth factor receptor
CHEMBL205149,COc1cc(OC2CCNCC2)c2c(Nc3ccc(F)c(Cl)c3)ncnc2c1,10.0,nM,8.0,B,Epidermal growth factor receptor
CHEMBL3678960,C=CC(=O)Nc1cccc(Nc2ncc3nc(Nc4ccccc4)n(C(C)C)c3n2)c1,2.0,nM,8.7,B,Epidermal growth factor receptor
CHEMBL4761468,C=CC(=O)Nc1cc(Nc2nccc(-c3cn(C4CC4)c4ccccc34)n2)c(OC)cc1N(C)CCN(C)C,2.89,nM,8.54,A,Epidermal growth factor receptor
CHEMBL31570,C=CC(=O)Nc1nc2c(Nc3ccc(F)c(Cl)c3)ncnc2cc1OCCOC,0.97,nM,9.01,B,Epidermal growth factor receptor
CHEMBL3263965,COc1cc2c(Oc3ccc(NS(=O)(=O)c4cc(-c5ccsc5)ccc4F)cc3F)ccnc2cc1OCCCN1CCN(C)CC1,578.0,nM,6.24,B,Epidermal growth factor receptor
CHEMBL5285192,COc1cc(/C=C2\CC(C)c3ccccc3\C2=N\O)c(Br)c(OC)c1OC,3200.0,nM,5.5,B,Epidermal growth factor receptor
CHEMBL5750713,C=CC(=O)Nc1cccc(Nc2nc(Nc3cccc(OCCCN4CCCC4=O)c3)ncc2F)c1,550.0,nM,6.26,B,Epidermal growth factor receptor
CHEMBL3353410,C=CC(=O)Nc1cc(Nc2nccc(-c3cn(C)c4ccccc34)n2)c(OC)cc1N(C)CCN(C)C,184.0,nM,6.74,B,Epidermal growth factor receptor
CHEMBL2347969,OC[C@@H](Nc1ncnc2oc(-c3ccccc3)c(Br)c12)c1ccccc1,452.0,nM,6.34,B,Epidermal growth factor receptor
CHEMBL3787386,C#CCOc1cc2ncnc(Nc3ccc(F)c(Cl)c3)c2cc1NC(=O)C=C,15.0,nM,7.82,A,Epidermal growth factor receptor
CHEMBL4070707,C=CC(=O)N1CCC[C@H]1CSc1nc(-c2ccc(F)cc2)c(-c2ccnc(Nc3ccccc3)c2)[nH]1,66.0,nM,7.18,B,Epidermal growth factor receptor
CHEMBL4744985,C=CC(=O)Nc1cc2c(Nc3ccc(F)c(Cl)c3)ncnc2cc1OCc1cn(CCCCC(=O)NO)nn1,0.35,nM,9.46,B,Epidermal growth factor receptor
CHEMBL450622,COc1cccc(-c2ccc3c(c2)NC(=O)/C3=C\c2[nH]cc(C)c2CCC(=O)O)c1,49200.0,nM,4.31,F,Epidermal growth factor receptor
CHEMBL3633928,NC(=O)Nc1ccc2ncnc(Nc3ccc(OCc4cccc(F)c4)c(Cl)c3)c2c1,186.0,nM,6.73,B,Epidermal growth factor receptor
CHEMBL593294,COc1cc2ncnc(Nc3ccc(-c4nc5ccccc5s4)cc3O)c2cc1OCCCN1CCN(C)CC1,230.0,nM,6.64,B,Epidermal growth factor receptor
CHEMBL5076743,C=CC(=O)Nc1cccc(-n2c(=O)c(C(C)(C)C)nc3cnc(Nc4ccc(OCCOC)cc4)nc32)c1,10000.0,nM,,B,Epidermal growth factor receptor
CHEMBL5425734,C=CC(=O)Nc1cccc(-c2c(-c3ccccc3)oc3ncnc(NCCOC)c23)c1,79.0,nM,7.1,B,Epidermal growth factor receptor
CHEMBL2333163,O=C(NCCc1ccc(O)c(Br)c1)/C(Cc1cc(Br)c(O)c(Oc2ccc(CCNC(=O)/C(Cc3cc(Br)c(O)c(-c4cc(C/C(=N\O)C(=O)NCCc5ccc(O)c(Br)c5)cc(Br)c4O)c3)=N/O)cc2Br)c1)=N/O,600.0,nM,6.22,B,Epidermal growth factor receptor
CHEMBL5094406,C=CC(=O)Nc1cc(Nc2nccc(Nc3cnn(CC)c3)n2)c(OC)cc1N(C)CCN(C)C,100.6,nM,7.0,B,Epidermal growth factor receptor
CHEMBL179274,CCOc1cc2ncc(C#N)c(Nc3ccc(O[C@@H]4CCc5ccccc54)c(Cl)c3)c2cc1NC(=O)/C=C/CN(C)C,380.0,nM,6.42,F,Epidermal growth factor receptor
CHEMBL29197,COc1cc2ncnc(Nc3cccc(Br)c3)c2cc1OC,2.6,nM,8.59,B,Epidermal growth factor receptor
CHEMBL3674148,CC(C)n1c(Nc2ccc(F)c(Cl)c2)nc2cnc(Nc3ccc(C(=O)NN4CCN(C)CC4)cc3)nc21,2.0,nM,8.7,B,Epidermal growth factor receptor
CHEMBL3814846,CC(=O)Nc1ccc2ncnc(Nc3ccc(OCc4cccc(F)c4)c(Cl)c3)c2c1,3.96,nM,8.4,B,Epidermal growth factor receptor
CHEMBL4214567,O=C(Nc1nccs1)C(c1cc(F)ccc1O)N1Cc2ccccc2C1=O,460.0,nM,6.34,B,Epidermal growth factor receptor
CHEMBL5191956,COc1cc(NC(=O)CCCCCCC(=O)NO)ccc1Nc1nccc(-c2cn(C)c3ccccc23)n1,5000.0,nM,5.3,B,Epidermal growth factor receptor
CHEMBL162508,Cc1cccc(Nc2ncnc3cnc(NCCCN4CCOCC4)cc23)c1,1.8,nM,8.74,B,Epidermal growth factor receptor
CHEMBL1177,NC1=NC(=O)C(c2ccccc2)O1,,,,B,Epidermal growth factor receptor
CHEMBL53711,CN(C)c1cc2c(Nc3cccc(Br)c3)ncnc2cn1,0.006,nM,,B,Epidermal growth factor receptor
CHEMBL203664,FC(F)(F)Oc1ccc2c(c1)CNc1c(Nc3cccc(Br)c3)ncnc1O2,,,,B,Epidermal growth factor receptor
CHEMBL1828872,O=C(Cc1ccc(Cl)cc1)NS(=O)(=O)c1ccc(F)cc1,9590.0,nM,5.02,B,Epidermal growth factor receptor
CHEMBL4763315,CS(=O)(=O)Nc1ccc(-c2cc3c(N[C@H](CO)c4ccccc4)ncnc3[nH]2)cc1,0.5,nM,9.3,B,Epidermal growth factor receptor
CHEMBL4650319,C=CC(=O)Nc1cc(Nc2ncc(C(=O)OC(C)C)c(-c3cn(C)c4ccccc34)n2)c(OC)cc1N(C)CCN(C)C,100.0,nM,,B,Epidermal growth factor receptor
CHEMBL5964497,CC[C@@H](Nc1c(C#N)cnc2c(Cl)cc(N[C@H](C3=CNNN3)c3cccnc3C)cc12)c1ccccc1,4.0,nM,8.4,B,Epidermal growth factor receptor
CHEMBL5811636,C=CC(=O)Nc1cc(Nc2ncc(C(=O)OC3CN(C)C3)c(-c3cn(C)c4ccccc34)n2)c(OC)cc1N(C)CCN(C)C,1000.0,nM,,B,Epidermal growth factor receptor
CHEMBL5185999,CCS(=O)(=O)n1cc2c3ccc(cc31)OCCCCOc1cc(ccc1N1CCOCC1)Nc1ncc(Cl)c-2n1,1000.0,nM,,B,Epidermal growth factor receptor
CHEMBL5203543,CCN1CCN(c2ccc(-c3cc(Cl)c4cn(C(C(=O)Nc5nccs5)c5ncn6c5CCC6)nc4c3Cl)cc2)CC1,11.0,nM,7.96,B,Epidermal growth factor receptor
CHEMBL489349,N#CC(C#N)=C(C#N)c1ccc(C=O)cc1,600000.0,nM,,B,Epidermal growth factor receptor
CHEMBL5938505,C=CC(=O)Nc1ccc(Nc2nc(Nc3cccc(OC)c3)ncc2C(F)(F)F)cc1,5500.0,nM,5.26,B,Epidermal growth factor receptor
CHEMBL3930810,C=CC(=O)Nc1cccc(Oc2nc(Nc3cccc(OC)c3OC)ncc2C(F)(F)F)c1,20.0,nM,7.7,B,Epidermal growth factor receptor
CHEMBL3982596,COc1cc(N2CCC(N3CCCCC3)CC2)c(C)cc1Nc1nccc(-c2c(-c3ccc(OC)c(C(=O)Nc4c(F)cccc4F)c3)nc3ccccn23)n1,1000.0,nM,,B,Epidermal growth factor receptor
CHEMBL2315695,CC1=CCC[C@](C)(CC/C(C)=C/CC2=C(O)C(=O)C=C(N[C@H](CO)C(=O)O)C2=O)[C@@H]1C,200.0,ug.mL-1,,B,Epidermal growth factor receptor
CHEMBL553,C#Cc1cccc(Nc2ncnc3cc(OCCOC)c(OCCOC)cc23)c1,2.0,nM,8.7,B,Epidermal growth factor receptor
CHEMBL1173655,CN(C)C/C=C/C(=O)Nc1cc2c(Nc3ccc(F)c(Cl)c3)ncnc2cc1O[C@H]1CCOC1,0.1,nM,10.0,B,Epidermal growth factor receptor
CHEMBL2031306,C=CC(=O)Nc1cc2c(Nc3ccc(F)c(Cl)c3)c(C#N)cnc2cc1OCC,1.46,nM,8.84,B,Epidermal growth factor receptor
CHEMBL5753671,C=CC(=O)Nc1cc(Nc2ncc(Cl)c(-c3cnn(C)c3)n2)c(OC)cc1N(C)CCN(C)C,28.0,nM,7.55,B,Epidermal growth factor receptor
CHEMBL514436,CS(=O)(=O)CCNCCCCOc1ccc2ncnc(Nc3ccc(OCc4cccc(F)c4)c(Cl)c3)c2c1,26.92,nM,7.57,B,Epidermal growth factor receptor
CHEMBL939,COc1cc2ncnc(Nc3ccc(F)c(Cl)c3)c2cc1OCCCN1CCOCC1,9.0,nM,8.05,B,Epidermal growth factor receptor
CHEMBL3699603,C=CC(=O)Nc1cccc(Nc2nc(Nc3ccc(N4CCN(C(=O)NC)CC4)cc3OC)ncc2C(F)(F)F)c1,5.5,nM,8.26,B,Epidermal growth factor receptor
CHEMBL3678950,CC(C)n1c(Nc2ccc(Br)cc2)nc2cnc(Nc3ccc(N4CCN(C)CC4)cc3)nc21,15.0,nM,7.82,B,Epidermal growth factor receptor
CHEMBL2103774,C#C[C@]1(O)CC[C@H]2[C@@H]3[C@H](C)CC4=C(CCC(=O)C4)[C@H]3CC[C@@]21C,,,,B,Epidermal growth factor receptor
CHEMBL2443138,CN1CCC(NC(=O)c2cc(-c3c(O)cc(O)cc3Oc3ccc(N(C)C)cc3)on2)CC1,10.0,nM,,B,Epidermal growth factor receptor
CHEMBL4443483,COc1cc2c(Nc3ccc(NC(=O)C(c4cc(F)ccc4F)N4Cc5ccccc5C4=O)cc3F)ncnc2cc1OCC1CCN(C)CC1,331.3,nM,6.48,B,Epidermal growth factor receptor
CHEMBL76751,c1csc(-c2cc3ncnc(Nc4ccc5[nH]ccc5c4)c3s2)c1,39.0,nM,7.41,B,Epidermal growth factor receptor
CHEMBL91250,COc1ccc2c(c1)NC(=O)/C2=C\c1cc2c([nH]1)CCCC2,100000.0,nM,,B,Epidermal growth factor receptor
CHEMBL3699599,C=CC(=O)Nc1cccc(Oc2nc(Nc3ccc(N4CCN(C(=O)CC(C)(C)C)CC4)cc3OC)ncc2Cl)c1,200.0,nM,6.7,B,Epidermal growth factor receptor
CHEMBL5287438,C=CC(=O)N1CCCCCCn2cc(c3ccccc32)-c2ccnc(n2)Nc2cccc1c2,39.6,nM,7.4,B,Epidermal growth factor receptor
CHEMBL5814234,CN1C=C(C(Nc2cc(Cl)c3ncc(C#N)c(Nc4ccc(F)c(Cl)c4)c3c2)C2=CN(C3CCNCC3)NN2)NN1,46.0,nM,7.34,B,Epidermal growth factor receptor
CHEMBL3663927,C=CC(=O)Nc1cccc(Oc2nc(Nc3ccc(OC)c(N4CCN(C)CC4)c3)c(C(N)=O)nc2CC)c1,1.4,nM,8.85,B,Epidermal growth factor receptor
CHEMBL507329,O=C(O[C@H]1CN[C@H](C#Cc2cc3ncnc(Nc4ccc(OCc5cccc(F)c5)c(Cl)c4)c3s2)C1)N1CCOCC1,65.0,nM,7.19,B,Epidermal growth factor receptor
CHEMBL4277610,N#CN[C@H]1C[C@@H](NS(=O)(=O)c2cccc(F)c2)c2ccc(-c3ncnc4[nH]ccc34)cc21,10000.0,nM,,B,Epidermal growth factor receptor
CHEMBL51853,Nc1cc2c(Nc3cccc(Br)c3)ncnc2cn1,16.0,nM,7.8,F,Epidermal growth factor receptor
CHEMBL4475546,C=CC(=O)Nc1cccc(-c2c(Cl)sc3ncnc(N[C@H](CO)c4ccccc4)c23)c1,1080.0,nM,5.97,B,Epidermal growth factor receptor
CHEMBL316008,CCOC(=O)c1c[nH]c(/C=C2\C(=O)Nc3ccccc32)c1C,100000.0,nM,,B,Epidermal growth factor receptor
CHEMBL69709,Cc1cc(C)c(/C=C2\C(=O)N(C)c3ncnc(Nc4ccc(F)c(Cl)c4)c32)[nH]1,20000.0,nM,,B,Epidermal growth factor receptor
CHEMBL3949434,COc1cc2c(Nc3ccc(Cl)c(Cl)c3)ncnc2cc1OC[C@@H]1O[C@@H](OC)[C@@H](O)[C@H](O)[C@H]1O,50.0,nM,,B,Epidermal growth factor receptor
CHEMBL4288482,C=CC(=O)Nc1cccc(Nc2nc(Nc3ccc(CC(=O)N4CCOCC4)cc3)ncc2Cl)c1,96.6,nM,7.01,B,Epidermal growth factor receptor
CHEMBL2093753,O=C(Cc1cccs1)Nc1cccc(-c2ccc3nnc(-c4cccnc4)n3n2)c1,79.0,nM,7.1,B,Epidermal growth factor receptor
CHEMBL5558572,C/C(=N\N1C(=O)CNC1=S)c1ccc(O)cc1O,23160.0,nM,4.63,B,Epidermal growth factor receptor
CHEMBL5192223,COc1cc(N2CCC(N3CCCOCC3)CC2)c(C)cc1Nc1ncc(Br)c(Nc2ccc3c(c2P(C)(C)=O)OCCO3)n1,0.13,nM,9.89,B,Epidermal growth factor receptor
CHEMBL56319,CCOC(=O)C(Cc1ccccc1)NC(=O)/C(C#N)=C/c1ccc(O)c(O)c1,1530.0,nM,5.82,B,Epidermal growth factor receptor
CHEMBL5881164,C=CC(=O)N1CCC(Nc2cc3c(Nc4ccc(F)c(Cl)c4)ncnc3cc2OC)CC1,2.0,nM,8.7,B,Epidermal growth factor receptor
CHEMBL5188618,COc1cc(N(C)CCN(C)C)c(NC(=O)c2cnccn2)cc1Nc1nccc(-c2cn(C)c3ccccc23)n1,224.0,nM,6.65,B,Epidermal growth factor receptor
CHEMBL554,CS(=O)(=O)CCNCc1ccc(-c2ccc3ncnc(Nc4ccc(OCc5cccc(F)c5)c(Cl)c4)c3c2)o1,27.06,nM,7.57,B,Epidermal growth factor receptor
CHEMBL5071181,C=CC(=O)Nc1cc(Nc2nccc(Nc3cnn(C)c3)n2)c(OC)cc1N(C)CCN(C)C,54.35,nM,7.26,B,Epidermal growth factor receptor
CHEMBL696,CCC1(C)CC(=O)NC1=O,,,,B,Epidermal growth factor receptor
CHEMBL5846455,C=CC(=O)Nc1cccc(Nc2ncc(C)c(Nc3cccc(Br)c3)n2)c1,55.0,nM,7.26,B,Epidermal growth factor receptor
CHEMBL2178352,CN1CCN(c2ccc(Nc3ncc4nc(Nc5ccccc5)n(C5CCCC5)c4n3)cc2)CC1,1.0,nM,9.0,B,Epidermal growth factor receptor
CHEMBL4790721,CN1CCN(Cc2nc3ccc(Nc4ncc(Cl)c(Nc5ccccc5C(=O)N(C)C)n4)cc3[nH]2)CC1,1000.0,nM,,B,Epidermal growth factor receptor
CHEMBL144842,N#C/C(=C\c1ccc(O)c(O)c1)C(=O)NCCCCCNC(=O)/C(C#N)=C/c1ccc(O)c(O)c1,20000.0,nM,4.7,B,Epidermal growth factor receptor
CHEMBL4079393,C=CC(=O)Nc1cccc(Nc2cc(-c3[nH]c(SCCNC(=O)CC)nc3-c3ccccc3)ccn2)c1,1.0,nM,,B,Epidermal growth factor receptor
CHEMBL5089161,C=CC(=O)Nc1cc(Nc2nccc(Nc3cn(C)c4ccccc34)n2)c(OC)cc1N(C)CCN(C)Cc1ccccc1,11.23,nM,7.95,B,Epidermal growth factor receptor
CHEMBL4065005,COc1cc2ncnc(Nc3ccc(OCc4cccc(F)c4)c(Cl)c3)c2cc1OCCCN1C[C@H](O)[C@@H](O)[C@H](O)[C@H]1CO,,,,B,Epidermal growth factor receptor
CHEMBL5848199,C=CC(=O)N1CCOc2c1ccc1ncnc(Oc3ccc(OCc4ccc(F)cc4)cc3)c21,50.0,nM,,B,Epidermal growth factor receptor
CHEMBL388590,CCc1oc2ccccc2c1C(=O)c1cc(Br)c(O)c(Br)c1,,,,B,Epidermal growth factor receptor
CHEMBL5405737,CC[C@H](C)Nc1cc(Nc2ccnc(-c3cnn(S(=O)(=O)C4CC4)c3)n2)ncc1C(=O)NCCCF,3.7,nM,8.43,B,Epidermal growth factor receptor
CHEMBL5404033,Cc1cccc(CN(C)c2ncnc3[nH]c(-c4cccc(C(=O)O)c4)cc23)c1,127.0,nM,6.9,B,Epidermal growth factor receptor
CHEMBL3746711,CC(=O)N1N=C(c2ccc(I)cc2)CC1c1ccc(C(=O)OCCn2c([N+](=O)[O-])cnc2C)cc1,1260.0,nM,5.9,B,Epidermal growth factor receptor
CHEMBL6063392,C=CC(=O)Nc1cccc(-c2cccc3cnc(Nc4ccc(N5CCN(C)CC5)c(F)c4F)nc23)c1,100.0,nM,,B,Epidermal growth factor receptor
CHEMBL4212326,C=CC(=O)N[C@H]1CCN(c2nc(Nc3cnn(C)c3)c3ncn(C(C)C)c3n2)C1,52.0,nM,7.28,B,Epidermal growth factor receptor
CHEMBL566757,O=C(/C=C/c1cccnc1)NCCCCC1CCN(C(=O)c2ccccc2)CC1,,,,B,Epidermal growth factor receptor
CHEMBL5431583,CN(Cc1ccccc1)c1ncnc2[nH]c(-c3ccc(CO)cc3)cc12,20.0,nM,7.7,B,Epidermal growth factor receptor
CHEMBL5974113,C=CC(=O)Nc1cccc(Nc2nc(NC3CCCN(C(C)=O)C3)ncc2F)c1,10000.0,nM,,B,Epidermal growth factor receptor
CHEMBL5560466,C=CC(=O)N1C[C@@H](n2cc(-c3ccncc3)c(-c3cc(COc4ccc5c(c4)CN(C)C5=O)ccc3F)n2)C[C@H]1C,758577575.03,nM,,B,Epidermal growth factor receptor
CHEMBL162034,CN(C)CCNc1cc2c(Nc3cccc(Br)c3)ncnc2cn1,43.0,nM,7.37,F,Epidermal growth factor receptor
CHEMBL5857849,COc1ccc(C(=O)N[C@@H]2CCCN(c3cnc(C(N)=O)c(Nc4ccc(N5CCOCC5)nc4)n3)C2)cc1,10000.0,nM,,B,Epidermal growth factor receptor
CHEMBL5822340,CCc1nc(F)ccc1[C@H](Nc1cc(C#N)c2ncc(C#N)c(NCC(C)(C)C)c2c1)C1=CN(C2(C(F)F)CC2)NN1,3.0,nM,8.52,B,Epidermal growth factor receptor
CHEMBL5820260,Cc1nc(F)ccc1[C@H](Nc1cc(C#N)c2ncc(C#N)c(NCC(C)(C)C)c2c1)C1=CN(C(F)(F)CO)NN1,2.0,nM,8.7,B,Epidermal growth factor receptor
CHEMBL4092788,C=CC(=O)Nc1cc(Nc2nccc(-c3cn4c5c(cccc35)CCC4)n2)c(OC)cc1N(C)CC(=O)N(C)C,1000.0,nM,,A,Epidermal growth factor receptor
CHEMBL3676352,C=CC(=O)Nc1cc2c(Nc3cc(OC)c(Cl)cc3Cl)ncnc2cc1OCCNC(C)=O,42.0,nM,7.38,B,Epidermal growth factor receptor
CHEMBL118205,COc1cc(/C=C(\C#N)C(N)=O)cc(CSc2nc3ccccc3o2)c1O,5300.0,nM,5.28,B,Epidermal growth factor receptor
CHEMBL5923072,COc1cc2c(Nc3ccc(Br)c(Cl)c3)ncnc2cc1O[C@H]1CO[C@@H]2C3OC(C)(C)O[C@H]3O[C@H]12,50.0,nM,,B,Epidermal growth factor receptor
CHEMBL3699598,C=CC(=O)Nc1cccc(Oc2nc(Nc3ccc(N4CCN(S(C)(=O)=O)CC4)cc3OC)ncc2C(F)(F)F)c1,1.0,nM,,B,Epidermal growth factor receptor
CHEMBL54088,C=CC(=O)Nc1cc2c(Nc3cccc(C)c3)ncnc2cn1,8.3,nM,8.08,B,Epidermal growth factor receptor
CHEMBL5921778,Cc1nc(F)ccc1[C@H](Nc1cc(C#N)c2ncc(C#N)c(NCC34CC(C3)C4)c2c1)C1=CN(C2(C(F)(F)F)CC2)NN1,31.0,nM,7.51,B,Epidermal growth factor receptor
CHEMBL6014541,C=CC(=O)Nc1cc(Nc2ncc(Cl)c(-c3cnn(C)c3C)n2)c(OC)cc1N(C)CCN(C)C,21.0,nM,7.68,B,Epidermal growth factor receptor
CHEMBL1812434,O=C(/C=C/c1ccccc1Br)Nc1ccc2ncnc(Nc3cccc(Br)c3)c2c1,4280.0,nM,5.37,B,Epidermal growth factor receptor
CHEMBL196738,CCOC(=O)c1cn2ncnc(Nc3ccc4c(cnn4Cc4ccccc4)c3)c2c1C,200.0,nM,6.7,B,Epidermal growth factor receptor
CHEMBL5914630,C=CC(=O)Nc1cccc(-c2cccc3cnc(Nc4ccc(N5CCN(C)CC5)c(C#N)c4)nc23)c1,100.0,nM,,B,Epidermal growth factor receptor
CHEMBL3219126,C=CC(=O)Nc1cccc(N2C(=O)C3CCCN3C(=O)c3cnc(Nc4ccc(N5CCN(C)CC5)cc4OC)nc32)c1,1000.0,nM,,B,Epidermal growth factor receptor
CHEMBL4800697,C[C@@H](Nc1ncnc2[nH]c(-c3ccccc3OC(F)(F)F)cc12)c1ccccc1,4.3,nM,8.37,B,Epidermal growth factor receptor
CHEMBL1202478,COc1cc2c(Nc3ccc(Br)cc3F)ncnc2cc1OC/C=C/CN1CCCC1.Cl,100.0,nM,7.0,B,Epidermal growth factor receptor
CHEMBL3933130,COc1cc2c(Nc3ccc(Cl)c(Cl)c3F)ncnc2cc1OC[C@@H]1CN(C)CC(=O)N1,50.0,nM,,B,Epidermal growth factor receptor
CHEMBL44,O=c1c(-c2ccc(O)cc2)coc2cc(O)cc(O)c12,,,,B,Epidermal growth factor receptor
CHEMBL5766366,C=CC(=O)Nc1cc(Nc2nccc(-c3nn(C)c4ccccc34)n2)c(OC)cc1N(C)CCN(C)C,100.0,nM,,B,Epidermal growth factor receptor
CHEMBL1243254,CCOc1cc2ncc(C#N)c(Nc3ccc(F)c(Cl)c3)c2cc1NC(=O)/C=C/CN(C)Cc1ccc(F)cc1,16.52,nM,7.78,B,Epidermal growth factor receptor
CHEMBL5919894,C=CC(=O)N1CCC(Oc2cc3c(Nc4ccccc4)ncnc3cc2OC)C1,740.0,nM,6.13,B,Epidermal growth factor receptor
CHEMBL4059610,Oc1ccc(-c2nnc(Cc3nc4ccccc4[nH]3)o2)cc1,100000.0,nM,,B,Epidermal growth factor receptor
CHEMBL3633933,CCNC(=O)Nc1ccc2ncnc(Nc3ccc(OCc4ccccn4)c(Cl)c3)c2c1,227.0,nM,6.64,B,Epidermal growth factor receptor
CHEMBL5973569,COc1cc(C2CCN(C3CCN(C(C)=O)CC3)CC2)ccc1Nc1ncc(Cl)c(Nc2ccccc2NS(C)(=O)=O)n1,92.0,nM,7.04,B,Epidermal growth factor receptor
CHEMBL323630,CN(C)C/C=C/C(=O)Nc1ccc2ncc(C#N)c(Nc3ccc(F)c(Cl)c3)c2c1,645.65,nM,6.19,B,Epidermal growth factor receptor
CHEMBL3647964,C=CC(=O)N1CCC[C@H](n2nc(-c3ccc(Oc4ccccc4)cc3)c3c(N)ncnc32)C1,1000.0,nM,,B,Epidermal growth factor receptor
CHEMBL5400219,C/C=C/C(=O)Nc1cc(Nc2nccc(-c3cn(S(=O)(=O)CC)c4ccccc34)n2)cc2cnn(CCN(CC)CC)c12,19.0,nM,7.72,B,Epidermal growth factor receptor
CHEMBL3774578,Cc1ccc(Nc2ncnc3cc4c(cc23)N(CCCN2CCOCC2)C(=O)CO4)cc1Cl,200.0,nM,,B,Epidermal growth factor receptor
CHEMBL51573,Cc1ncc2cc(-c3c(Cl)cccc3Cl)c(=O)n(C)c2n1,50000.0,nM,,B,Epidermal growth factor receptor
CHEMBL355206,CC(C)(C)OC(=O)c1cc(/N=C/c2cc(O)ccc2O)ccc1O,10000.0,nM,,F,Epidermal growth factor receptor
CHEMBL5558098,C=CC(=O)N1CC[C@H](n2cc(-c3ccncc3)c(-c3cccc(/C=C/c4ccc5c(c4)CN(C)C5=O)c3)n2)C1,831763771.1,nM,,B,Epidermal growth factor receptor
CHEMBL4217686,COc1cc(N2CCN(C)CC2)ccc1Nc1ncc(Cl)c(Oc2ccc(NC(=O)CCO)cc2)n1,23310.0,nM,4.63,B,Epidermal growth factor receptor
CHEMBL1480,CCOC(=O)C1=C(C)NC(C)=C(C(=O)OC)C1c1cccc(Cl)c1Cl,,,,B,Epidermal growth factor receptor
CHEMBL3946116,COc1cc(N2CCC(C3CCN(CCF)CC3)CC2)ccc1Nc1nccc(-c2c(-c3ccc(OC)c(C(=O)Nc4c(F)cccc4F)c3)nc3ccccn23)n1,1000.0,nM,,B,Epidermal growth factor receptor
CHEMBL5175924,CC#CC(=O)Nc1ccc(Nc2nccc(-c3cn(C)c4ccccc34)n2)cc1,220.0,nM,6.66,B,Epidermal growth factor receptor
CHEMBL5187762,C#CC(=O)N1CCN(C(=O)Oc2cc3c(Nc4ccc(Cl)c(Cl)c4F)ncnc3cc2OC)[C@H](C)C1,0.32,nM,9.49,B,Epidermal growth factor receptor
CHEMBL3237932,COc1cc(N2CCN(C)CC2)ccc1Nc1ncc(Cl)c(Oc2cccc(NC(=O)CCN3CCCCC3)c2)n1,4527.0,nM,5.34,B,Epidermal growth factor receptor
CHEMBL5438568,COc1cc2ncnc(Nc3ccc(F)c(Cl)c3)c2cc1OC(=O)/C=C/n1cc(F)c(=O)[nH]c1=O,15.85,nM,7.8,B,Epidermal growth factor receptor
CHEMBL5982687,C=CC(=O)N1CCOc2ccc(Nc3ncc(F)c(Nc4ccc5c(c4)CC(=O)N5)n3)cc21,550.0,nM,6.26,B,Epidermal growth factor receptor
CHEMBL5932679,O=C1CCc2c(Oc3ccc4c(c3)[C@H]3[C@H](NC(=O)c5ccc(CN6CCN(CC(F)(F)F)CC6)c(C(F)(F)F)c5)[C@H]3O4)ccnc2N1,249.0,nM,6.6,B,Epidermal growth factor receptor
CHEMBL4456487,C=CC(=O)O[C@H]1CC[C@]2(C)[C@H]3CC=C4[C@@H]5CC(C)(C)CC[C@]5(C(=O)OCCCCO[N+](=O)[O-])CC[C@@]4(C)[C@]3(C)CC[C@H]2C1(C)C,20000.0,nM,,B,Epidermal growth factor receptor
CHEMBL4085781,C=CC(=O)NCc1cccc(-c2cc3cccnc3[nH]2)c1,,,,B,Epidermal growth factor receptor
CHEMBL247914,NC1CCN(Cc2ccn3ncnc(Nc4ccc5c(cnn5Cc5ccccn5)c4)c23)CC1,47.0,nM,7.33,B,Epidermal growth factor receptor
CHEMBL296407,N#C/C(=C\c1ccc(O)c(O)c1)C(N)=O,10000.0,nM,5.0,B,Epidermal growth factor receptor
CHEMBL4520903,O=C1c2ccccc2Nc2ccc(F)cc2N1Cc1ccccc1,690.0,nM,6.16,B,Epidermal growth factor receptor
CHEMBL4552429,C=CC(=O)Nc1cc(Nc2nc3c(c(-c4cn(C)c5ccccc45)n2)CSCC3)c(OC)cc1N(C)CCN(C)C,35.0,nM,7.46,B,Epidermal growth factor receptor
CHEMBL215488,COc1cc2c(cc1OC)Oc1ncnc(Nc3ccc4c[nH]nc4c3)c1NC2,1200.0,nM,5.92,F,Epidermal growth factor receptor
CHEMBL5769479,C=CC(=O)Nc1cccc(Nc2nc(Nc3ccc(C4CCN(CCF)CC4)cc3OC)ncc2C(F)(F)F)c1,25000.0,nM,4.6,B,Epidermal growth factor receptor
CHEMBL1229592,C=CC(=O)Nc1cccc(Oc2nc(Nc3ccc(N4CCN(C)CC4)cc3OC)ncc2Cl)c1,3.0,nM,8.52,B,Epidermal growth factor receptor
CHEMBL4079506,CCC(=O)N1CC[C@H](N2C(=O)N(c3cc(OC)ccc3F)Cc3cnc(Nc4ccc(N5CCN(C)CC5)c(F)c4)nc32)C1,1300.0,nM,5.89,B,Epidermal growth factor receptor
CHEMBL5081817,CN1CCN(C2CCN(c3c(Cl)cc(Nc4ncc(Cl)c(Nc5ccccc5P(C)(C)=O)n4)cc3Cl)CC2)CC1,299.8,nM,6.52,B,Epidermal growth factor receptor
CHEMBL5792698,C=C(Cn1cccn1)C(=O)Nc1cccc(Nc2nc(Nc3ccc(OCCOC)cc3)ncc2F)c1,5500.0,nM,5.26,B,Epidermal growth factor receptor
CHEMBL3828079,Cn1cc(-c2ccc3ncnc(Nc4ccc5ncccc5c4)c3c2)cn1,1000.0,nM,,B,Epidermal growth factor receptor
CHEMBL3786802,C=CC(=O)N1C[C@H](COc2nc(Nc3cnn(C)c3)nc3[nH]cc(Cl)c23)[C@@H](C(F)(F)F)C1,8.0,nM,8.1,B,Epidermal growth factor receptor
CHEMBL6047250,N#CN1CCCC(n2nc(-c3ccc(Oc4ccc(F)cc4F)cc3)c(C(N)=O)c2N)C1,16800.0,nM,4.78,B,Epidermal growth factor receptor
CHEMBL3965994,COc1cc2c(Nc3ccc(NC(=O)Nc4ccc(Cl)cc4)cc3)ncnc2cc1OCc1ccccc1,10000.0,nM,,B,Epidermal growth factor receptor
CHEMBL5824131,C=CC(=O)Nc1cc2c(Nc3ccc(F)c(Cl)c3)ncnc2cc1OCC[C@@H]1[C@H]2CN(C)C[C@@H]12,0.66,nM,9.18,B,Epidermal growth factor receptor
CHEMBL3775111,CC1C/C(=C\c2ccc3c(c2)CCO3)C(=O)O1,10000.0,nM,,B,Epidermal growth factor receptor
CHEMBL424959,COc1cc2ncc(C#N)c(Nc3ccc(OCc4ccccc4)cc3)c2cc1NC(=O)/C=C/CN(C)C,185.0,nM,6.73,F,Epidermal growth factor receptor
CHEMBL5864179,C=CC(=O)N1CCC(Oc2cc3c(Nc4ccc(Cl)c(Cl)c4)ncnc3cc2OC)C1,64.0,nM,7.19,B,Epidermal growth factor receptor
CHEMBL281467,C=CC(=O)Nc1cnc2ncc(C#N)c(Nc3cccc(Br)c3)c2c1,374.8,nM,6.43,B,Epidermal growth factor receptor
CHEMBL4079829,Nc1nc(N)c2c(n1)[nH]c1cccc(Sc3ccc(Cl)cc3)c12,8300.0,nM,5.08,B,Epidermal growth factor receptor
CHEMBL4445265,Cc1cc(=O)n2nc(SCc3ccc([N+](=O)[O-])cc3)nc2[nH]1,107.0,nM,6.97,B,Epidermal growth factor receptor
CHEMBL363815,C=CC(=O)Nc1ccc2ncnc(Nc3cc(Cl)c(Cl)cc3F)c2c1,20.0,nM,7.7,B,Epidermal growth factor receptor
CHEMBL5821130,C=CC(=O)Nc1cccc(Nc2nc(Nc3ccc4c(cnn4C(=O)OC(C)(C)C)c3)ncc2F)c1,550.0,nM,6.26,B,Epidermal growth factor receptor
CHEMBL4211322,COc1cc(N2CCN(C)CC2)ccc1Nc1ncc(Cl)c(Oc2ccccc2[N+](=O)[O-])n1,9350.0,nM,5.03,B,Epidermal growth factor receptor
CHEMBL598797,C#Cc1cccc(Nc2ncnc3cc(OC)c(OCCCCCCC(=O)NO)cc23)c1,2.4,nM,8.62,B,Epidermal growth factor receptor
CHEMBL5205834,Cc1[nH]nc(C(C(=O)Nc2nccs2)N2Cc3ccccc3C2=O)c1C,10000.0,nM,,B,Epidermal growth factor receptor
CHEMBL5808792,C=CC(=O)N1CCC[C@@H](Nc2nc(Nc3ccc(OC)nc3)ncc2F)C1,550.0,nM,6.26,B,Epidermal growth factor receptor
CHEMBL553,C#Cc1cccc(Nc2ncnc3cc(OCCOC)c(OCCOC)cc23)c1,1000.0,nM,,B,Epidermal growth factor receptor
CHEMBL83429,O=C(O)CC1C(S)=Nc2ccccc21,14900.0,nM,4.83,F,Epidermal growth factor receptor
CHEMBL587723,CCN1CCN(Cc2ccc(-c3cc4c(N[C@H](C)c5ccccc5)ncnc4[nH]3)cc2)CC1,2.0,nM,8.7,B,Epidermal growth factor receptor
CHEMBL2437484,COc1ccc(Nc2ncc3ncc(=O)n(-c4cccc(NC(=O)/C=C/CN(C)C)c4)c3n2)cc1,26283.0,nM,4.58,B,Epidermal growth factor receptor
CHEMBL4456266,CCOc1cc2ncc(C#N)c(Nc3ccc(OCc4cccc(F)c4)c(Cl)c3)c2cc1NC(=O)C1CSSC1,18.0,nM,7.75,B,Epidermal growth factor receptor
CHEMBL5272096,CN1CCN(c2ccc(Nc3ncc([N+](=O)[O-])c(Nc4ccc5[nH]ccc5c4)n3)cc2)CC1,906.0,nM,6.04,B,Epidermal growth factor receptor
CHEMBL5979309,C=CC(=O)N(C)Cc1ccc(Oc2nc(Nc3cccc(OCCCS(C)(=O)=O)c3)ncc2F)cc1,550.0,nM,6.26,B,Epidermal growth factor receptor
CHEMBL3633936,CCOC(=O)C(=CNc1ccc2ncnc(Nc3ccc(OCc4cccc(F)c4)c(Cl)c3)c2c1)C(=O)OCC,812.0,nM,6.09,B,Epidermal growth factor receptor
CHEMBL309276,O=C(O)CCC1C(S)=Nc2ccccc21,1620.0,nM,5.79,F,Epidermal growth factor receptor
CHEMBL6014011,CCN1CCC(n2cc(C(Nc3cc(Cl)c4ncnc(Nc5ccc(F)c(Cl)c5)c4c3)c3ccccc3)nn2)CC1,19.0,nM,7.72,B,Epidermal growth factor receptor
CHEMBL3092306,CN(C)CCNC(=O)Nc1cc2c(Nc3ccc(F)c(Cl)c3)ncnc2cc1O[C@H]1CCOC1,635.0,nM,6.2,B,Epidermal growth factor receptor
CHEMBL215210,COc1cc2c(cc1OC)Oc1ncnc(Sc3cccc(Cl)c3)c1NC2,1000.0,nM,6.0,F,Epidermal growth factor receptor
CHEMBL1945444,O=C(NS(=O)(=O)c1ccccc1)c1cncc(Br)c1,20190.0,nM,4.7,B,Epidermal growth factor receptor
CHEMBL3759724,COc1cc2c(Nc3ccc(NC(=O)c4ccccc4)cc3)ncnc2cc1OCc1ccccc1,10000.0,nM,,B,Epidermal growth factor receptor
CHEMBL3804868,CCOc1cc2ncnc(Nc3ccc(C)c(Cl)c3)c2c2c1OCCO2,50.0,nM,,B,Epidermal growth factor receptor
CHEMBL5926126,Cn1nccc1[C@H](Nc1cc(Cl)c2ncc(C#N)c(Nc3cnc(F)c(F)c3)c2c1)C1=CNNN1,9.0,nM,8.05,B,Epidermal growth factor receptor
CHEMBL2029432,C=CC(=O)Nc1cccc(N2C(=O)N(C)Cc3cnc(Nc4ccc(N5CCN(C)CC5)cc4C)nc32)c1,1.31,nM,8.88,B,Epidermal growth factor receptor
CHEMBL3545154,C=CC(=O)N1CCC(Oc2cc3c(Nc4ccc(Cl)c(Cl)c4F)ncnc3cc2OC)CC1,2.512,nM,8.6,B,Epidermal growth factor receptor
CHEMBL4461479,CCC(=O)N1CCC[C@H](n2c(=O)c(-c3ccccc3Cl)c(C)c3cnc(Nc4ccc(N5CCN(C)CC5)c(C)c4)nc32)C1,1000.0,nM,,A,Epidermal growth factor receptor
CHEMBL5770970,Cn1cc(-c2cc(C(=O)/N=c3\[nH]c4ccccc4n3[C@H]3C[C@H](O)C[C@H](O)C3)ccn2)cn1,3.0,nM,8.52,B,Epidermal growth factor receptor
CHEMBL1093234,O=C(Nc1cccc(-c2nc3sccn3c2-c2ccnc(Nc3ccccc3)n2)c1)c1ccccc1,55.0,nM,7.26,B,Epidermal growth factor receptor
CHEMBL2424664,COc1cc2ncnc(Nc3ccc(F)c(Cl)c3)c2cc1OCCN1CC2(C1)CS(=O)(=O)C2,158.0,nM,6.8,B,Epidermal growth factor receptor
CHEMBL1202478,COc1cc2c(Nc3ccc(Br)cc3F)ncnc2cc1OC/C=C/CN1CCCC1.Cl,90.0,nM,7.05,F,Epidermal growth factor receptor
CHEMBL57251,COc1ccc(NC(=O)/C(C#N)=C/c2ccc(O)c(O)c2)c(OC)c1,1700.0,nM,5.77,B,Epidermal growth factor receptor
CHEMBL3952214,CC(C)n1cnnc1-c1cccc(N2Cc3ccccc3C2=O)n1,19952.62,nM,,B,Epidermal growth factor receptor
CHEMBL3416604,OC[C@H](Nc1ncnc2sc(Br)cc12)c1ccccc1,10000.0,nM,,B,Epidermal growth factor receptor
CHEMBL5774764,COC1CCN(c2nccc(Nc3cc4c(cn3)nc(COCCON3CCN(c5ccc6c(c5)C(=O)N(C5CCC(=O)NC5=O)C6=O)CC3)n4C(C)C)n2)CC1,22000.0,nM,4.66,B,Epidermal growth factor receptor
CHEMBL939,COc1cc2ncnc(Nc3ccc(F)c(Cl)c3)c2cc1OCCCN1CCOCC1,60.0,nM,7.22,B,Epidermal growth factor receptor
CHEMBL575448,C[C@@]1(C(=O)Nc2ccc(F)nc2)CCCN1c1nc(Nc2cc(C3CC3)n[nH]2)c2cccn2n1,50000.0,nM,,B,Epidermal growth factor receptor
CHEMBL2309506,COc1cc2ncnc(N[C@H](C)c3ccc(F)cc3)c2cc1OCCCCCCC(=O)NO,100.0,nM,7.0,B,Epidermal growth factor receptor
CHEMBL1242570,Nc1ncnc2c1c(-c1ccc3ccccc3c1)nn2C/C=C/c1ccccc1,,,,B,Epidermal growth factor receptor
CHEMBL324030,COc1cc(/C=C(\C#N)C(N)=O)cc(CSC2=NCCS2)c1O,50000.0,nM,,F,Epidermal growth factor receptor
CHEMBL3699599,C=CC(=O)Nc1cccc(Oc2nc(Nc3ccc(N4CCN(C(=O)CC(C)(C)C)CC4)cc3OC)ncc2Cl)c1,200.0,nM,6.7,B,Epidermal growth factor receptor
CHEMBL5573322,CCN(CC)c1nc2oc(C)c(C(=O)NN)c2c(=O)n1-c1ccccc1,32360.0,nM,4.49,B,Epidermal growth factor receptor
CHEMBL5795202,O=C1CCC(N2C(=O)c3ccc(NCCOCCOCC#Cc4cccc5c4C(=O)N(C(C(=O)Nc4nccs4)c4cc(F)ccc4O)C5)cc3C2=O)C(=O)N1,30000.0,nM,,B,Epidermal growth factor receptor
CHEMBL4794102,CCN1CCN(c2nc(Oc3ccc4ccc(=O)[nH]c4c3)c3sccc3n2)CC1,10000.0,nM,,A,Epidermal growth factor receptor
CHEMBL5517919,C=CC(=O)N1CC[C@H](n2cc(-c3ccncc3)c(-c3cccc(OCc4ccc5c(c4)CN(C)C5=O)c3)n2)C1,30.0,nM,7.52,B,Epidermal growth factor receptor
CHEMBL5898353,C=CC(=O)N(C)Cc1ccc(Nc2nc(Nc3ccc(OC)nc3)ncc2F)cc1,1000.0,nM,,B,Epidermal growth factor receptor
CHEMBL207009,O=C(NCCCl)Nc1ccc2ncnc(Nc3cccc(Br)c3)c2c1,18.0,nM,7.75,B,Epidermal growth factor receptor
CHEMBL939,COc1cc2ncnc(Nc3ccc(F)c(Cl)c3)c2cc1OCCCN1CCOCC1,8.0,nM,8.1,B,Epidermal growth factor receptor
CHEMBL4860527,C=CC(=O)N1CCCC[C@H]1c1nc(-c2ccc(C(=O)Nc3cc(Cl)ccn3)cc2)c(C(N)=O)n1N,176.0,nM,6.75,B,Epidermal growth factor receptor
CHEMBL2110732,COc1cc2ncnc(Nc3ccc(F)c(Cl)c3)c2cc1NC(=O)/C=C/CN1CCCCC1,6.0,nM,8.22,B,Epidermal growth factor receptor
CHEMBL4065301,COc1cccc(-c2nnc(Cc3nc4ccccc4[nH]3)o2)c1OC,61000.0,nM,4.21,B,Epidermal growth factor receptor
CHEMBL3297900,CCCN(c1ccc(OC)cc1)c1nc(C)nc2oc(C)cc12,73.3,nM,7.13,B,Epidermal growth factor receptor
CHEMBL5591051,COc1cc2ncnc(Oc3ccc(NC(=O)CCCc4ccccc4)cc3F)c2cc1NC(=O)CCC(C)C,10000.0,nM,,B,Epidermal growth factor receptor
CHEMBL939,COc1cc2ncnc(Nc3ccc(F)c(Cl)c3)c2cc1OCCCN1CCOCC1,10000.0,nM,,B,Epidermal growth factor receptor
CHEMBL3933568,COc1cc2c(Nc3ccc(NC(=O)Nc4ccccc4C)cc3)ncnc2cc1OCCCN1CCN(C)CC1,502.0,nM,6.3,B,Epidermal growth factor receptor
CHEMBL5465559,,,,,B,Epidermal growth factor receptor
CHEMBL5854828,C=CC(=O)Nc1cccc(Nc2nc(Nc3ccc(OCCN=[N+]=[N-])cc3)ncc2F)c1,550.0,nM,6.26,B,Epidermal growth factor receptor
CHEMBL207037,COc1cc2ncnc(Nc3cccc(Cl)c3F)c2cc1CN1CC(C(N)=O)C1,300.0,nM,6.52,F,Epidermal growth factor receptor
CHEMBL3699590,C=CC(=O)Nc1cccc(Nc2nc(Nc3ccc(N4CCN(C(=O)CO)CC4)cc3OC)ncc2Cl)c1,20.0,nM,7.7,B,Epidermal growth factor receptor
CHEMBL3233764,O=C(CN1CCC(CCO)CC1)Nc1cc2c(Nc3ccc(F)c(Cl)c3)ncnc2s1,542.0,nM,6.27,B,Epidermal growth factor receptor
CHEMBL169200,COc1cccc(-c2cn(C3CCN(CCO)CC3)c3ncnc(N)c23)c1,900.0,nM,6.05,B,Epidermal growth factor receptor
CHEMBL341522,Cc1cccc(Nc2ncnc3cc(NCCCN4CCN(C)CC4)ncc23)c1,5.623,nM,8.25,B,Epidermal growth factor receptor
CHEMBL299347,CN(C)c1ncc2cc(-c3c(Cl)cccc3Cl)c(=O)n(C)c2n1,50000.0,nM,,B,Epidermal growth factor receptor
CHEMBL596761,COc1cc2ncnc(NCc3ccccc3)c2cc1OCCCCCCC(=O)NO,99.4,nM,7.0,B,Epidermal growth factor receptor
CHEMBL267345,C[C@@H]1[C@H](O)[C@@H](C)/C=C/C=C/C=C/C=C/C=C/C=C/C=C/[C@H](O[C@@H]2O[C@H](C)[C@@H](O)[C@H](N)[C@@H]2O)C[C@@H]2O[C@](O)(C[C@@H](O)C[C@@H](O)[C@H](O)CC[C@@H](O)C[C@@H](O)CC(=O)O[C@H]1C)C[C@H](O)[C@H]2C(=O)O,,,,B,Epidermal growth factor receptor
CHEMBL1909075,,,,,B,Epidermal growth factor receptor
CHEMBL1873475,C=CC(=O)N1CCC[C@@H](n2nc(-c3ccc(Oc4ccccc4)cc3)c3c(N)ncnc32)C1,45.0,nM,7.35,B,Epidermal growth factor receptor
CHEMBL3353410,C=CC(=O)Nc1cc(Nc2nccc(-c3cn(C)c4ccccc34)n2)c(OC)cc1N(C)CCN(C)C,2.4,nM,8.62,B,Epidermal growth factor receptor
CHEMBL331417,Brc1cccc(Nc2cnc3ccccc3n2)c1,100000.0,nM,,B,Epidermal growth factor receptor
CHEMBL5804385,C=C(C)C(=O)Cc1cccc(Nc2nc(Nc3ccc(OCCOC)c(F)c3)ncc2F)c1,10.0,nM,,B,Epidermal growth factor receptor
CHEMBL4558324,C=CC(=O)Nc1cc(Nc2nccc(-n3cc(CN(C)C)c(-c4ccccc4)n3)n2)c(OC)cc1N1CCOCC1,0.3,nM,,B,Epidermal growth factor receptor
CHEMBL5421809,Cn1cc(-c2ccnc(Nc3ccc(OCCOCCn4ccnc4[N+](=O)[O-])cc3)n2)c2ccccc21,512.0,nM,6.29,B,Epidermal growth factor receptor
CHEMBL4228518,CN(C)CCOc1ccc(Nc2ncc3nc(Sc4ccc(F)cc4)n(C4CCOCC4)c3n2)cc1,189.0,nM,6.72,B,Epidermal growth factor receptor
CHEMBL3678951,CC(C)n1c(Nc2cccc(C(F)(F)F)c2)nc2cnc(Nc3ccc(N4CCN(C)CC4)cc3)nc21,1.0,nM,9.0,B,Epidermal growth factor receptor
CHEMBL4073874,CN(C)C/C=C/C(=O)N1CCC[C@@H](n2nc(-c3ccccc3)c3c(N)ncnc32)C1,3000.0,nM,5.52,A,Epidermal growth factor receptor
CHEMBL3961848,C=CC(=O)N1CCC(Oc2cc3c(Nc4cccc(C=C)c4)ncnc3cc2OC)CC1,3.0,nM,8.52,B,Epidermal growth factor receptor
CHEMBL54126,CN(C)C(=O)Oc1cccc([N+](C)(C)C)c1.[Br-],,,,B,Epidermal growth factor receptor
CHEMBL1761936,CCCCNC(=O)Nc1ccc(Oc2ncnc3cc(OC)c(OC)cc23)cc1,10000.0,nM,,B,Epidermal growth factor receptor
CHEMBL5542997,O=C(NO)c1sccc1Nc1nc(Nc2ccc(N3CCOCC3)cc2)ncc1Cl,16.2,nM,7.79,B,Epidermal growth factor receptor
CHEMBL1730,CO/N=C(\C(=O)N[C@@H]1C(=O)N2C(C(=O)O)=C(COC(C)=O)CS[C@H]12)c1csc(N)n1,,,,B,Epidermal growth factor receptor
CHEMBL5432280,C=CC(=O)Nc1cc(-c2c(-c3ccccc3)oc3ncnc(NC4CCCC4)c23)ccc1N(C)CCN(C)C,7.0,nM,8.15,B,Epidermal growth factor receptor
CHEMBL4082840,O=C(Nc1ccc2ncnc(Nc3cccc(Cl)c3)c2c1)C1CCC2(CC1)OCC1(OO2)C2CC3CC(C2)CC1C3,94.72,nM,7.02,B,Epidermal growth factor receptor
CHEMBL5814374,C=CC(=O)Nc1cc2c(Nc3ccc(F)c(Cl)c3)ncnc2cc1OCCC1CC2(CCN(C)CC2)C1,0.56,nM,9.25,B,Epidermal growth factor receptor
CHEMBL1817965,C/C=C(\C)[C@H](O)[C@H](C)/C=C(C)/C=C/CC(C)/C=C/c1oc(OC)c(C)c(=O)c1C,660.0,nM,6.18,B,Epidermal growth factor receptor
CHEMBL545315,C=CC(=O)Nc1cc2c(Nc3ccc(F)c(Cl)c3)ncnc2cc1OCCCN1CCOCC1.Cl.Cl,3.0,nM,8.52,B,Epidermal growth factor receptor
CHEMBL1822065,COc1ccc(C2=NN(c3nc(-c4ccc(Cl)cc4)cs3)C(c3ccc(O)cc3)C2)cc1,7660.0,nM,5.12,B,Epidermal growth factor receptor
CHEMBL1241488,C=CCn1nc(-c2ccc3ccccc3c2)c2c(N)ncnc21,,,,B,Epidermal growth factor receptor
CHEMBL243410,CCOc1cc2ncnc(NC3=CC(=O)C(OC(CF)CF)=CC3=O)c2cc1NC(=O)/C=C/CN(C)C,283.3,nM,6.55,B,Epidermal growth factor receptor
CHEMBL516,CN1CCC(=C2c3ccccc3C=Cc3ccccc32)CC1,,,,B,Epidermal growth factor receptor
CHEMBL4204801,N#C/C(=C\c1cccc(-c2cccc3[nH]ncc23)c1)C(N)=O,10000.0,nM,,B,Epidermal growth factor receptor
CHEMBL1200629,CC(=O)O[C@H]1C[C@@H]2CC[C@@H]3[C@H](CC[C@@]4(C)[C@H]3C[C@H]([N+]3(C)CCCCC3)[C@@H]4OC(C)=O)[C@@]2(C)C[C@@H]1N1CCCCC1.[Br-],,,,B,Epidermal growth factor receptor
CHEMBL6016889,C=CC(=O)Nc1cccc(Nc2nc(Nc3ccc(C4CCN(C(=O)CCF)CC4)cc3OC)ncc2C(F)(F)F)c1,7100.0,nM,5.15,B,Epidermal growth factor receptor
CHEMBL4757724,CN1CCN(CCCOc2cc3ncnc(Nc4ccc(F)c(Cl)c4)c3cc2NC(=O)c2cc([N+](=O)[O-])ccc2F)CC1,3.8,nM,8.42,B,Epidermal growth factor receptor
CHEMBL2385978,CCOc1cc([N+](=O)[O-])c(C(=O)Nc2ccc(OCc3cccc(F)c3)c(Cl)c2)cc1NC(=O)/C=C/CN(C)C,2000.0,nM,5.7,B,Epidermal growth factor receptor
CHEMBL2110732,COc1cc2ncnc(Nc3ccc(F)c(Cl)c3)c2cc1NC(=O)/C=C/CN1CCCCC1,10.0,nM,8.0,B,Epidermal growth factor receptor
CHEMBL5878291,COc1cc2c(Nc3ccc(Cl)c(Cl)c3Cl)ncnc2cc1O[C@H]1CO[C@H]2[C@@H]1OC[C@@H]2OC,50.0,nM,,B,Epidermal growth factor receptor
CHEMBL4129138,CN1CCN(c2ccc(Nc3cc4c(N[C@@H]5CCCN(C)C5)nc(Nc5ccccc5)nc4cn3)nc2)CC1,4.5,nM,8.35,B,Epidermal growth factor receptor
CHEMBL181,CC1=Nc2ccc(Cl)cc2S(=O)(=O)N1,,,,B,Epidermal growth factor receptor
CHEMBL3740802,CN(C)C/C=C/C(=O)Nc1cccc(Nc2nc(N/N=C/c3c[nH]c4ccccc34)ncc2Cl)c1,20000.0,nM,,B,Epidermal growth factor receptor
CHEMBL3936505,CCOc1cc2ncnc(Nc3ccc(NS(=O)(=O)c4ccccc4)cc3)c2cc1NC(=O)/C=C/CN1CCN(C)CC1,390.0,nM,6.41,B,Epidermal growth factor receptor
CHEMBL5286080,C=CC(=O)Nc1cc(Nc2nccc(Nc3ccc4c(ccn4C)c3)n2)c(OC)cc1N1CCN(C)CC1,8.4,nM,8.08,B,Epidermal growth factor receptor
CHEMBL126062,Nc1cc2ncnc(NCc3ccccc3C(F)(F)F)c2cn1,10000.0,nM,5.0,F,Epidermal growth factor receptor
CHEMBL2070190,O=C(Nc1ccc2ncnc(Nc3cccc(Br)c3)c2c1)c1cccc2c1OCCO2,1630.0,nM,5.79,B,Epidermal growth factor receptor
CHEMBL66071,COc1cc(OC)c2cc(-c3ccsc3)cnc2c1,20000.0,nM,,B,Epidermal growth factor receptor
CHEMBL3699584,C=CC(=O)Nc1cccc(Nc2nc(Nc3ccc(N4CCN(C(=O)CO)CC4)cc3OC)ncc2C(F)(F)F)c1,1.0,nM,,B,Epidermal growth factor receptor
CHEMBL599453,O=C(COc1ccccc1)Nc1ccc2ccccc2c1,,,,B,Epidermal growth factor receptor
CHEMBL1944929,C=CCn1c(N)c(C(=O)N/N=C/c2cccs2)sc1=S,100000.0,nM,,B,Epidermal growth factor receptor
CHEMBL6017659,N#Cc1csc([C@H](Nc2cc(Cl)c3ncc(C#N)c(Nc4ccc(F)c(Cl)c4)c3c2)C2=CN(CCN3CCOCC3)NN2)c1,65.0,nM,7.19,B,Epidermal growth factor receptor
CHEMBL5199122,CSc1nc(-c2cccc(NC(=O)c3c(F)ccc(O)c3CN3Cc4ccccc4C3=O)c2)c(-c2ccnc(NC(C)=O)c2)[nH]1,1000.0,nM,,B,Epidermal growth factor receptor
CHEMBL3680377,COc1cc2ncnc(Nc3ccc(F)c(Cl)c3)c2cc1NC(=O)/C=C/CN1CCC(F)CC1,18.08,nM,7.74,B,Epidermal growth factor receptor
CHEMBL3914159,C=CC(=O)N1CC(Oc2cc3c(Nc4ccc(Cl)c(Cl)c4F)ncnc3cc2OC)C1,1.1,nM,8.96,B,Epidermal growth factor receptor
CHEMBL5277339,COc1cc2c(Nc3ccc(Oc4ccc(C#N)cc4)cc3)ncnc2cc1OCC1CCN(C)CC1,10000.0,nM,,B,Epidermal growth factor receptor
CHEMBL6009455,Cc1ncsc1-c1ccc(CNC(=O)[C@@H]2C[C@@H](O)CN2C(=O)[C@H](C(C)C)N2Cc3ccccc3C2=O)c(OCCOCCN2CCN(Cc3ccc(-c4cc5c(NCc6ccccc6Cl)ncnc5[nH]4)cc3)CC2)c1,6700.0,nM,5.17,B,Epidermal growth factor receptor
CHEMBL3893846,COc1cc2c(Nc3ccc(Cl)c(Cl)c3)ncnc2cc1OCC1CN(C)C(C)(C)C(=O)O1,50.0,nM,,B,Epidermal growth factor receptor
CHEMBL1821869,Cc1ccc(C2=NN(c3nc(-c4ccc(Cl)cc4)cs3)C(c3ccc(F)cc3)C2)cc1C,60.0,nM,7.22,B,Epidermal growth factor receptor
CHEMBL172449,O=C(NO)c1cc(NCc2cc(O)ccc2O)ccc1O,400.0,nM,6.4,F,Epidermal growth factor receptor
CHEMBL5982094,O=C(/C=C/CN1C[C@@H]2OCCO[C@@H]2C1)Nc1cc2c(Nc3ccc(F)c(Cl)c3)ncnc2cc1O[C@H]1CCOC1,3.6,nM,8.44,B,Epidermal growth factor receptor
CHEMBL3604917,C=CC(=O)Nc1cc(Nc2cc[nH]n2)nc(-c2ccccc2)n1,900.0,nM,6.05,B,Epidermal growth factor receptor
CHEMBL4066504,Fc1ccc(NC(=S)Nc2ccc3ncnc(Nc4cccc(Br)c4)c3c2)cc1Cl,25.3,nM,7.6,B,Epidermal growth factor receptor
CHEMBL5196064,COc1cc2ncnc3c2cc1OCCCCCCOc1cc(Cl)ccc1N3,63506.7,nM,4.2,B,Epidermal growth factor receptor
CHEMBL162034,CN(C)CCNc1cc2c(Nc3cccc(Br)c3)ncnc2cn1,43000.0,nM,4.37,F,Epidermal growth factor receptor
CHEMBL5796361,N#CCC[C@@H](Nc1c(C#N)cnc2c(Cl)cc(N[C@H](C3=CN(C4CC4)NN3)c3cccnc3)cc12)c1ccccc1,2.0,nM,8.7,B,Epidermal growth factor receptor
CHEMBL343352,Nc1ccc2ncnc(Nc3cccc(Cl)c3)c2c1,200.0,nM,6.7,B,Epidermal growth factor receptor
CHEMBL5820028,C=CC(=O)Nc1cc(Nc2ncc(Cl)c(-c3cnn4ccccc34)n2)c(OC)cc1N1CCC(N(C)C)C1,1000.0,nM,,B,Epidermal growth factor receptor
CHEMBL5284165,C=CC(=O)N1CC[C@H](n2nc(-c3cc(OC)cc(OC)c3)c3c(N)ncnc32)C1,5000.0,nM,,B,Epidermal growth factor receptor
CHEMBL3752139,C=CC(=O)Nc1cccc(-n2c(=O)cc(N(C)C)c3cnc(Nc4ccc(N5CCN(C)CC5)cc4OC)nc32)c1,210.0,nM,6.68,A,Epidermal growth factor receptor
CHEMBL5207390,CC(C)c1cnc(N2C[C@H](O)[C@H]2C)c2cnc(Nc3ccnc(N4CC[C@@H](O)[C@@](C)(F)C4)n3)cc12,0.3,nM,9.52,B,Epidermal growth factor receptor
CHEMBL5960275,C=CC(=O)Nc1cc(Nc2nccc(-c3c(C(=O)NC)n(C)c4ccccc34)n2)c(OC)cc1N(C)CCN(C)C,300.0,nM,6.52,B,Epidermal growth factor receptor
CHEMBL3233782,O=C(/C=C/CN1CC(O)C1)Nc1cc2c(Nc3ccc(F)c(Cl)c3)ncnc2s1,38.0,nM,7.42,B,Epidermal growth factor receptor
CHEMBL2325103,NC(=S)N1N=C(c2ccc(F)cc2)CC1c1cccc2ccccc12,8250.0,nM,5.08,B,Epidermal growth factor receptor
CHEMBL5401125,CC[C@H](C)Nc1cc(Nc2ccnc(-c3cnn(S(=O)(=O)C4CC4)c3)n2)ncc1C(=O)N(C)C,5000.0,nM,,B,Epidermal growth factor receptor
CHEMBL5282535,CC(=O)Nc1nc(C(=O)NNC(=O)CCN2CCCCC2)cs1,9202.0,nM,5.04,B,Epidermal growth factor receptor
CHEMBL4078914,C=CC(=O)Nc1cc(-n2c(=O)cc(C)c3cnc(Nc4ccc(N5CC(C)N(C)C(C)C5)cc4OC)nc32)cc(C(F)(F)F)c1,97.0,nM,7.01,A,Epidermal growth factor receptor
CHEMBL4094527,C=CC(=O)N1CCC[C@@H](n2ncc3c(N)ncnc32)C1,6900.0,nM,5.16,A,Epidermal growth factor receptor
CHEMBL393848,N[C@@H]1CCN(Cc2ccn3ncnc(Nc4ccc5c(cnn5Cc5cccc(F)c5)c4)c23)C1,60.0,nM,7.22,B,Epidermal growth factor receptor
CHEMBL3754722,COc1cc(NC(=O)Nc2ccncc2)cc(-c2cncnc2)c1OC,290.46,nM,6.54,B,Epidermal growth factor receptor
CHEMBL5822356,COCCOCCN1C=C([C@@H](Nc2cc(Cl)c3ncc(C#N)c(Nc4ccc(F)c(Cl)c4)c3c2)c2cccnc2)NN1,8.0,nM,8.1,B,Epidermal growth factor receptor
CHEMBL5080676,C=CC(=O)Nc1cc(Nc2nccc(Nc3cn(C)nc3C)n2)c(OC)cc1N(C)CCN(C)C,11.61,nM,7.93,B,Epidermal growth factor receptor
CHEMBL338790,Nc1ccc2c3c(cccc13)C(=O)NC2=O,,,,B,Epidermal growth factor receptor
CHEMBL5888007,COc1cc(C2CCN(C3CCN(C)CC3)CC2)ccc1Nc1ncc(Cl)c(Nc2ccccc2NS(C)(=O)=O)n1,78.0,nM,7.11,B,Epidermal growth factor receptor
CHEMBL553,C#Cc1cccc(Nc2ncnc3cc(OCCOC)c(OCCOC)cc23)c1,7600.0,nM,5.12,B,Epidermal growth factor receptor
CHEMBL5276357,CC(C)n1nc(N2CCC(O)CC2)c2cnc(Nc3ccnc(-c4cnn(S(=O)(=O)C5CC5)c4)n3)cc21,46.0,nM,7.34,B,Epidermal growth factor receptor
CHEMBL192737,COCC(=O)Nc1ccc2ncnc(Nc3cccc(Br)c3)c2c1,100000.0,nM,,B,Epidermal growth factor receptor
CHEMBL3545311,COc1cc(N2CCC(N3CCN(C)CC3)CC2)ccc1Nc1ncc(Cl)c(Nc2ccccc2P(C)(C)=O)n1,20.8,nM,7.68,B,Epidermal growth factor receptor
CHEMBL4650281,C=CC(=O)N[C@H]1C=C(C)c2c(-c3cnc4ccccc4c3)c3c(N)ncnc3n2C1,1.1,nM,8.96,B,Epidermal growth factor receptor
CHEMBL1172602,COc1cc(OC)cc(C2CC(c3ccc(Cl)c(Cl)c3)=NN2C(C)=O)c1,25470.0,nM,4.59,B,Epidermal growth factor receptor
CHEMBL84512,COC(=O)CCCC1C(=S)N(C)c2ccccc21,100000.0,nM,,F,Epidermal growth factor receptor
CHEMBL5430071,CNc1nc(-c2ccc(F)cc2)c(-c2ccnc(Nc3ccc4c(ccn4CCN(C)C)c3)n2)s1,19.0,nM,7.72,B,Epidermal growth factor receptor
CHEMBL5971875,C[C@@H](Nc1c(C#N)cnc2ccc(-c3cnc(N)nc3)cc12)c1ccccc1,11.0,nM,7.96,B,Epidermal growth factor receptor
CHEMBL92174,COc1cc2ncnc(Nc3ccccc3Br)c2cc1OC,128.0,nM,6.89,B,Epidermal growth factor receptor
CHEMBL5802671,C=CC(=O)Nc1cc(Nc2ncc(NC(=O)C(C)(C)C)c(-c3cn(C)c4ccccc34)n2)c(OC)cc1N(C)CCN(C)C,1000.0,nM,,B,Epidermal growth factor receptor
CHEMBL5189183,COc1cc(N(C)CCN(C)C)c(NC(=O)c2ccncn2)cc1Nc1nc(-c2cn(C)c3ccccc23)c2cccnc2n1,500.0,nM,,B,Epidermal growth factor receptor
CHEMBL601719,C[C@@H](Oc1cc(-c2cnn(C3CCNCC3)c2)cnc1N)c1c(Cl)ccc(F)c1Cl,1000.0,nM,,B,Epidermal growth factor receptor
CHEMBL3951403,COc1cc2c(Nc3ccc(Cl)c(Cl)c3)ncnc2cc1OCC1CN(CCC2CCCCC2)CCO1,50.0,nM,,B,Epidermal growth factor receptor
CHEMBL5198664,Cc1cnc(Nc2ccc(N3CCN(C)CC3)cc2)nc1Nc1ccc2[nH]ccc2c1,197.0,nM,6.71,B,Epidermal growth factor receptor
CHEMBL6014011,CCN1CCC(n2cc(C(Nc3cc(Cl)c4ncnc(Nc5ccc(F)c(Cl)c5)c4c3)c3ccccc3)nn2)CC1,19.0,nM,7.72,B,Epidermal growth factor receptor
CHEMBL1761934,COc1ccc(NC(=O)Nc2ccc(Nc3ncnc4cc(OC)c(OC)cc34)cc2)cc1,10000.0,nM,,B,Epidermal growth factor receptor
CHEMBL5276374,C=CC(=O)N1CCC([C@@H]2CCNc3c(C(N)=O)c(-c4cc(OC)c(C)c(OC)c4)nn32)CC1,621.0,nM,6.21,B,Epidermal growth factor receptor
CHEMBL553,C#Cc1cccc(Nc2ncnc3cc(OCCOC)c(OCCOC)cc23)c1,80.0,nM,7.1,B,Epidermal growth factor receptor
CHEMBL215055,COc1cc2c(cc1OC)Nc1ncnc(Nc3cccc(Br)c3)c1NC2,1500.0,nM,5.82,F,Epidermal growth factor receptor
CHEMBL3353410,C=CC(=O)Nc1cc(Nc2nccc(-c3cn(C)c4ccccc34)n2)c(OC)cc1N(C)CCN(C)C,2.0,nM,8.7,A,Epidermal growth factor receptor
CHEMBL4227084,CN(C)CCOc1ccc(Nc2ncc3nc([S+]([O-])c4ccccc4)n(C4CCOCC4)c3n2)cc1,,,,B,Epidermal growth factor receptor
CHEMBL4749518,Cn1c(-c2csc(N/N=C\C3CCCN3)n2)nc2ccccc21,342.06,nM,6.47,B,Epidermal growth factor receptor
CHEMBL5780612,C=CC(=O)Nc1cc(Nc2nccc(-c3c(C(N)=O)n(C)c4ccccc34)n2)c(OC)cc1N(C)CCN(C)C,100.0,nM,,B,Epidermal growth factor receptor
CHEMBL1201207,C[C@H]1C[C@H]2[C@@H]3CCC4=CC(=O)C=C[C@]4(C)[C@@]3(F)[C@@H](O)C[C@]2(C)[C@@]1(O)C(=O)COP(=O)(O)O,,,,B,Epidermal growth factor receptor
CHEMBL4173696,C/C=C/c1ccc(Nc2ncnc3cc(OCCCN4CCOCC4)c(OCCCN4CCOCC4)cc23)cc1,20.7,nM,7.68,B,Epidermal growth factor receptor
CHEMBL5955406,C=CC(=O)Nc1cccc(Nc2nc(Nc3cccc(N4CCN(CCO)CC4)c3)ncc2F)c1,55.0,nM,7.26,B,Epidermal growth factor receptor
CHEMBL243664,COc1ccc(-c2cc(=O)c3c(O)cc(O)cc3o2)cc1,40.0,ug.mL-1,,B,Epidermal growth factor receptor
CHEMBL3754301,Cn1cnc(-c2cc(NC(=O)Nc3ccncc3)cc(C(F)(F)F)c2)c1,165.6,nM,6.78,B,Epidermal growth factor receptor
CHEMBL5172338,COc1cc(N2CCC(N3CCN(C)CC3)CC2)ccc1Nc1ncc(Cl)c(-c2c[nH]c3ccccc23)n1,124.5,nM,6.91,B,Epidermal growth factor receptor
CHEMBL6060325,COc1cc2c(Nc3cc(Br)cc(C(F)(F)F)c3)ncnc2cc1O[C@@H]1CO[C@@H]2[C@H]1OC[C@H]2F,50.0,nM,,B,Epidermal growth factor receptor
CHEMBL125898,COc1cc2c(N3CCN(C(=O)Nc4ccc(OC(C)C)cc4)CC3)ncnc2cc1OCCCN1CCOCC1,30000.0,nM,,B,Epidermal growth factor receptor
CHEMBL3699622,C=CC(=O)Nc1cccc(Nc2nc(Nc3ccc(N4CCS(=O)(=O)CC4)cc3OC)ncc2C(F)(F)F)c1,1.0,nM,,B,Epidermal growth factor receptor
CHEMBL5280555,CC(C)n1nc(N)c2cnc(Nc3ccnc(-c4cnn(S(=O)(=O)C5CC5)c4)n3)cc21,64.0,nM,7.19,B,Epidermal growth factor receptor
CHEMBL2283256,O=C(/C=C/c1ccccc1)Nc1cc(Cl)cc(Cl)c1,13930.0,nM,4.86,B,Epidermal growth factor receptor
CHEMBL330946,Nc1ccc2c(NCc3ccccc3)ncnc2c1,1000.0,nM,,B,Epidermal growth factor receptor
CHEMBL5918591,O=C(/N=c1\[nH]c2ccccc2n1[C@H]1CC[C@@H](O)CC1)c1ccnc(-c2cccc(F)c2)c1,3242.0,nM,5.49,B,Epidermal growth factor receptor
CHEMBL3972006,CCOc1ccc(-c2nc3ccccn3c2-c2ccnc(Nc3cc(C)c(C4CCN(CCS(C)(=O)=O)CC4)cc3OC)n2)cc1C(=O)Nc1c(F)cccc1F,1000.0,nM,,B,Epidermal growth factor receptor
CHEMBL939,COc1cc2ncnc(Nc3ccc(F)c(Cl)c3)c2cc1OCCCN1CCOCC1,8.7,nM,8.06,B,Epidermal growth factor receptor
CHEMBL553,C#Cc1cccc(Nc2ncnc3cc(OCCOC)c(OCCOC)cc23)c1,1.2,nM,,B,Epidermal growth factor receptor
CHEMBL5558799,C=CC(=O)Nc1ccc(OC)c(Nc2nccc(-c3c[nH]nc3-c3cccc(OC)c3)n2)c1,2.0,nM,,B,Epidermal growth factor receptor
CHEMBL31965,C=CC(=O)Nc1cc2c(Nc3ccc(F)c(Cl)c3)ncnc2cc1OCCCN1CCOCC1,1.5,nM,8.82,B,Epidermal growth factor receptor
CHEMBL939,COc1cc2ncnc(Nc3ccc(F)c(Cl)c3)c2cc1OCCCN1CCOCC1,498.0,nM,6.3,B,Epidermal growth factor receptor
CHEMBL5864179,C=CC(=O)N1CCC(Oc2cc3c(Nc4ccc(Cl)c(Cl)c4)ncnc3cc2OC)C1,6.6,nM,8.18,B,Epidermal growth factor receptor
CHEMBL517745,COCCNC(=O)c1c(N)ncnc1Nc1ccc(OCc2ccccc2)c(Cl)c1,,,,B,Epidermal growth factor receptor
CHEMBL355853,CC(COC(=O)c1cc(NCc2cc(O)ccc2O)ccc1O)CC(C)(C)C,8000.0,nM,5.1,F,Epidermal growth factor receptor
CHEMBL3655351,CN(C/C=C/C(=O)N1CCc2c(sc3ncnc(Nc4cc(O)c(Cl)c(Cl)c4)c23)C1)C(C)(C)C,1.0,nM,9.0,B,Epidermal growth factor receptor
CHEMBL3655352,O=C(/C=C/CN1CCCOCC1)N1CCCc2c(sc3ncnc(Nc4ccc(Cl)c(Cl)c4)c23)C1,1.0,nM,9.0,B,Epidermal growth factor receptor
CHEMBL299622,CNc1ncc2ncnc(Nc3cccc(Br)c3)c2n1,0.7762,nM,9.11,B,Epidermal growth factor receptor
CHEMBL1645465,C#Cc1cccc(Nc2ncnn3ccc(COC[C@@H]4CNCCO4)c23)c1,670.0,nM,6.17,B,Epidermal growth factor receptor
CHEMBL4228473,C=CC(=O)Nc1cccc(NC(=O)Nc2ccnc(Nc3ccc(N4CCN(C)CC4)cc3OC)n2)c1,,,,B,Epidermal growth factor receptor
CHEMBL4212884,CN(C)C1CCN(c2ccc(Nc3cc4c(N5CCCC5)nc(Nc5ccccc5)nc4cn3)nc2)CC1,1.6,nM,8.8,B,Epidermal growth factor receptor
CHEMBL3699583,C=CC(=O)Nc1cccc(Oc2nc(Nc3ccc(N4CCN(C(=O)CO)CC4)cc3OC)ncc2Cl)c1,5.5,nM,8.26,B,Epidermal growth factor receptor
CHEMBL4519470,COc1cc2ncnc(Nc3ccc(Oc4ccc(C)nc4)c(C)c3)c2cc1NC(=O)CC1CCSS1,550.0,nM,6.26,B,Epidermal growth factor receptor
CHEMBL5769174,C=CC(=O)Nc1cc(Nc2ncc(C(=O)OC)c(-n3ccc4ccccc43)n2)c(OC)cc1N(C)C[C@H]1CCCN1C,100.0,nM,,B,Epidermal growth factor receptor
CHEMBL5849883,Cc1nc(F)ccc1[C@H](Nc1cc(C#N)c2ncc(C#N)c(NCC(C)(C)C(F)(F)F)c2c1)C1=CN(C23CC(C2)C3)NN1,2.0,nM,8.7,B,Epidermal growth factor receptor
CHEMBL3763796,COCCOc1cc2ncnc(Nc3ccc(NC(=O)C45CC6CC(CC(C6)C4)C5)c(C#N)c3)c2cc1OCCOC,5.01,nM,8.3,B,Epidermal growth factor receptor
CHEMBL5095169,CO[C@@H]1CCN(c2nccc(Nc3cc4c(C(C)C)ccc(N5C[C@H](CS(C)(=O)=O)[C@H]5C)c4cn3)n2)C[C@@H]1F,0.5,nM,9.3,B,Epidermal growth factor receptor
CHEMBL4516586,C=CC(=O)Nc1ccc(Nc2ncnc3cc(OC)c(OCCN4CCOCC4)cc23)cc1,4.3,nM,8.37,B,Epidermal growth factor receptor
CHEMBL3921664,CC(C)S(=O)(=O)c1ccccc1Nc1nc(N/N=C/c2ccc(F)cc2)ncc1Cl,570.0,nM,6.24,B,Epidermal growth factor receptor
CHEMBL3971235,COc1cc(N2CCC(N3CCN(CCS(C)(=O)=O)CC3)CC2)ccc1Nc1nccc(-c2c(-c3ccc(OC)c(C(=O)Nc4c(F)cccc4F)c3)nc3ccccn23)n1,1000.0,nM,,B,Epidermal growth factor receptor
CHEMBL4068814,CC(=O)c1ccccc1-c1nnc(Cc2nc3ccccc3[nH]2)o1,65400.0,nM,4.18,B,Epidermal growth factor receptor
CHEMBL4648271,CCN(CC)C/C=C/C(=O)N1CCOc2cc3ncnc(Nc4ccc(OCc5cccc(F)c5)c(Cl)c4)c3cc21,8.0,nM,8.1,B,Epidermal growth factor receptor
CHEMBL3545311,COc1cc(N2CCC(N3CCN(C)CC3)CC2)ccc1Nc1ncc(Cl)c(Nc2ccccc2P(C)(C)=O)n1,48.3,nM,7.32,A,Epidermal growth factor receptor
CHEMBL6022978,COCCOc1cc2ncnc(Nc3ccc(C)c(C#N)c3)c2c2c1OCCO2,1000.0,nM,,B,Epidermal growth factor receptor
CHEMBL5089912,C=CC(=O)Nc1cc(Nc2nccc(Nc3ccn(C)n3)n2)c(OC)cc1N(C)CCN(C)CC(=O)OC,952.4,nM,6.02,B,Epidermal growth factor receptor
CHEMBL4750196,O=C(Nc1cc2c(Nc3ccc(F)c(Cl)c3)ncnc2cc1OCCCN1CCOCC1)c1cc([N+](=O)[O-])ccc1F,4223.0,nM,5.37,B,Epidermal growth factor receptor
CHEMBL5591496,CN(C)C/C=C/C(=O)Nc1ccc2ncnc3c2c1C=CN3c1ccc(OCc2cccc(F)c2)c(Cl)c1,3.59,nM,8.45,B,Epidermal growth factor receptor
CHEMBL3898088,COc1cc2c(Nc3ccc(Cl)c(Cl)c3)ncnc2cc1OCc1csc(C2CCN(C)CC2)n1,50.0,nM,,B,Epidermal growth factor receptor
CHEMBL447,C=CCC1(C(C)CCC)C(=O)NC(=O)NC1=O,,,,B,Epidermal growth factor receptor
CHEMBL5871673,COc1cc2ncnc(Nc3ccc(F)c(Cl)c3)c2cc1NC(=O)/C=C/CN1C[C@@H]2OCCO[C@@H]2C1,4.8,nM,8.32,B,Epidermal growth factor receptor
CHEMBL5765177,CC(C)(C)CNc1c(C#N)cnc2c(Cl)cc(N[C@H](C3=CN(C4(CF)CC4)NN3)c3cccc4ccncc34)cc12,2.0,nM,8.7,B,Epidermal growth factor receptor
CHEMBL144908,N#C/C(=C\c1ccc(O)c(O)c1)C(=O)NCCNC(=O)/C(C#N)=C/c1ccc(O)c(O)c1,10000.0,nM,5.0,F,Epidermal growth factor receptor
CHEMBL111618,Cn1c(=O)c(-c2c(Cl)cccc2Cl)cc2cnc(NCCO)nc21,5000.0,nM,,B,Epidermal growth factor receptor
CHEMBL5181694,CCOc1cc2ncnc(Nc3ccc(Oc4cc5nncn5cn4)c(C)c3)c2cc1NC(=O)/C(F)=C\[C@@H]1CCCN1C,25.92,nM,7.59,B,Epidermal growth factor receptor
CHEMBL5395951,CCS(=O)(=O)N1CCC(c2nc(-c3ccc(F)cc3)c(-c3ccnc(Nc4ccc(N5CCN(C)CC5)cc4)n3)s2)CC1,30.0,nM,7.52,B,Epidermal growth factor receptor
CHEMBL1090840,C=CC(=O)Nc1ccc2nccc(Nc3cccc(Br)c3)c2c1,1.0,nM,,B,Epidermal growth factor receptor
CHEMBL5173534,COc1cc(N(C)CCN(C)C)c(NC(=O)c2ccnc(Cl)c2)cc1Nc1nccc(-c2cn(CCCO)c3ccccc23)n1,137.0,nM,6.86,B,Epidermal growth factor receptor
CHEMBL1645472,NC1CCN(Cc2ccn3ncnc(Nc4cccc(F)c4)c23)CC1,32.0,nM,7.5,B,Epidermal growth factor receptor
CHEMBL50245,CN(C)c1ccc2c(Nc3cccc(Br)c3)ncnc2n1,324.0,nM,6.49,B,Epidermal growth factor receptor
CHEMBL4170935,COc1cc2c(Oc3ccc(C4SCC(=O)N4NC(=O)Nc4ccccc4F)cc3)ccnc2cc1OCCCN1CCOCC1,4100.0,nM,5.39,B,Epidermal growth factor receptor
CHEMBL1229592,C=CC(=O)Nc1cccc(Oc2nc(Nc3ccc(N4CCN(C)CC4)cc3OC)ncc2Cl)c1,1.82,nM,8.74,B,Epidermal growth factor receptor
CHEMBL4746030,C#Cc1cccc(Nc2ncnc3cc(OCCOC)c(OCCOC(=O)CCCCC[N+]4=C(/C=C/C=C/C=C/C=C5/N(CCCC)c6ccccc6C5(C)C)C(C)(C)c5cc(C(F)(F)F)ccc54)cc23)c1.[Br-],205.0,nM,6.69,B,Epidermal growth factor receptor
CHEMBL4070640,CCC(=O)N1CC[C@H](N2C(=O)N(c3ccccc3OC)Cc3cnc(Nc4ccc(N5CCN(C)CC5)c(C)c4)nc32)C1,27.4,nM,7.56,B,Epidermal growth factor receptor
CHEMBL6034048,C=CC(=O)Nc1cc(Nc2ncc(NC(=O)C(C)C)c(-c3cn(C)c4ccccc34)n2)c(OC)cc1N(C)CCN(C)C,300.0,nM,6.52,B,Epidermal growth factor receptor
CHEMBL3734786,Cc1nc2cnc(Nc3ccnc(N4CC[C@H](O)C(F)(F)C4)n3)cc2n1C(C)C,10000.0,nM,,B,Epidermal growth factor receptor
CHEMBL5859093,COc1ccccc1C(=O)NCc1c(F)cc(-c2nn(C3CCCC3)c3ncnc(N)c23)cc1F,5500.0,nM,5.26,B,Epidermal growth factor receptor
CHEMBL3545311,COc1cc(N2CCC(N3CCN(C)CC3)CC2)ccc1Nc1ncc(Cl)c(Nc2ccccc2P(C)(C)=O)n1,1302.0,nM,5.88,B,Epidermal growth factor receptor
CHEMBL5977247,C=C(C)C(=O)c1cccc(Nc2nc(Nc3ccc(OCCOC)c(F)c3)ncc2F)c1,55.0,nM,7.26,B,Epidermal growth factor receptor
CHEMBL4792967,C=CC(=O)Nc1cc(Nc2ncc(C(F)(F)F)c(-c3cn(C4COC4)c4ccccc34)n2)c(OC)cc1N(C)CCN(C)C,2.6,nM,8.59,A,Epidermal growth factor receptor
CHEMBL5769479,C=CC(=O)Nc1cccc(Nc2nc(Nc3ccc(C4CCN(CCF)CC4)cc3OC)ncc2C(F)(F)F)c1,510.0,nM,6.29,B,Epidermal growth factor receptor
CHEMBL2441567,CN(C)C/C=C/C(=O)N1CCOc2cc3ncnc(Nc4ccc(OCc5cccc(F)c5)c(Cl)c4)c3cc21,3610.0,nM,5.44,B,Epidermal growth factor receptor
CHEMBL5951245,COCCOc1cnccc1-c1[nH]c2c(c1Nc1cccc(F)c1OC)C(=O)NCC2,0.212,nM,9.67,B,Epidermal growth factor receptor
CHEMBL358494,N#C/C(=C\c1ccc(O)c(O)c1)C(=O)N1CCN(C(=O)/C(C#N)=C/c2ccc(O)c(O)c2)CC1,4000.0,nM,5.4,B,Epidermal growth factor receptor
CHEMBL3680375,O=C(/C=C/CN1CCCCC1)Nc1cc2c(Nc3ccc(F)c(Cl)c3)ncnc2cc1OCCCN1CCOCC1,11.35,nM,7.95,B,Epidermal growth factor receptor
CHEMBL4643903,O=C(/C=C/CN1CCCC1)N1CCCOc2cc3ncnc(Nc4ccc(OCc5cccc(F)c5)c(Cl)c4)c3cc21,578.0,nM,6.24,B,Epidermal growth factor receptor
CHEMBL3745885,Cn1c(=O)c(S(=O)(=O)c2ccc(F)cc2F)cc2cnc(Nc3ccc4[nH]ccc4c3)nc21,10000.0,nM,,B,Epidermal growth factor receptor
CHEMBL5776043,C=CC(=O)Nc1cc(Nc2ncc(Cl)c(-c3cnn4ccccc34)n2)c(OC)cc1OC(COC)CN(C)C,100.0,nM,,B,Epidermal growth factor receptor
CHEMBL3133894,C=CC(=O)Nc1ccc2ncnc(NC3CCCCC3)c2c1,3400.0,nM,5.47,B,Epidermal growth factor receptor
CHEMBL3545308,C=CC(=O)Nc1cccc(Nc2nc(Nc3ccc(N4CCN(C(C)=O)CC4)cc3OC)ncc2C(F)(F)F)c1,1983.0,nM,5.7,B,Epidermal growth factor receptor
CHEMBL31965,C=CC(=O)Nc1cc2c(Nc3ccc(F)c(Cl)c3)ncnc2cc1OCCCN1CCOCC1,1.0,nM,9.0,B,Epidermal growth factor receptor
CHEMBL5512543,C=CC(=O)N1CC[C@H](n2cc(-c3ccncc3)c(-c3cccc(/C=C/c4cc5n(n4)CCOC5)c3)n2)C1,831763771.1,nM,,B,Epidermal growth factor receptor
CHEMBL3353410,C=CC(=O)Nc1cc(Nc2nccc(-c3cn(C)c4ccccc34)n2)c(OC)cc1N(C)CCN(C)C,410.7,nM,6.39,B,Epidermal growth factor receptor
CHEMBL3671514,C=CC(=O)Nc1cc2c(Nc3ccc(Br)c(Cl)c3F)ncnc2cc1OCCNC(=O)N1CCOCC1,35.0,nM,7.46,B,Epidermal growth factor receptor
CHEMBL5994959,Nc1ncnc2c1c(C(=O)Nc1nc3cc(Cl)ccc3o1)cn2[C@@H]1CCN(C(=O)/C=C/CN2CCCCC2)C1,37.1,nM,7.43,B,Epidermal growth factor receptor
CHEMBL6029655,COCCOc1cnccc1-c1[nH]c2c(c1Nc1ccc(F)c(F)c1OC)C(=O)NCC2,0.738,nM,9.13,B,Epidermal growth factor receptor
CHEMBL5848379,CN(C)C(=O)N[C@@H]1CCCN(c2cnc(C(N)=O)c(Nc3ccc(C4CCN(C(=O)N(C)C)CC4)cc3)n2)C1,5500.0,nM,5.26,B,Epidermal growth factor receptor
CHEMBL3676349,C=CC(=O)Nc1cc2c(Nc3cc(OC)c(Cl)cc3F)ncnc2cc1OCCNC(C)=O,80.0,nM,7.1,B,Epidermal growth factor receptor
CHEMBL3416608,CC[C@@H](Nc1ncnc2sc(Br)cc12)c1ccccc1,183.0,nM,6.74,B,Epidermal growth factor receptor
CHEMBL5854207,C=CC(=O)Nc1ccc(OC)c(Nc2ncc(C#N)c(-c3cn(C)c4cc(OCCC5CCCN5C)ccc34)n2)c1,100.0,nM,,B,Epidermal growth factor receptor
CHEMBL3699610,C=CC(=O)Nc1cccc(Oc2nc(Nc3ccc(N4CCOCC4)cc3OC(F)F)ncc2Cl)c1,1.0,nM,,B,Epidermal growth factor receptor
CHEMBL452861,CC(C)NC[C@H](O)COc1cccc2ccccc12,,,,B,Epidermal growth factor receptor
CHEMBL406236,CN(C)c1cccc(Nc2ncnc3ccncc23)c1N,1819.7,nM,5.74,B,Epidermal growth factor receptor
CHEMBL571040,C=CC(=O)N1CCC[C@H]1C(=O)Nc1cc2c(Nc3cccc(Cl)c3F)ncnc2cc1OCCOC,13.0,nM,7.89,B,Epidermal growth factor receptor
CHEMBL5967046,CC(C)(C)CNc1c(C#N)cnc2c(Cl)cc(N[C@H](C3=CN([C@@H]4C[C@@H]4F)NN3)c3cccc4ncccc34)cc12,3.0,nM,8.52,B,Epidermal growth factor receptor
CHEMBL4650319,C=CC(=O)Nc1cc(Nc2ncc(C(=O)OC(C)C)c(-c3cn(C)c4ccccc34)n2)c(OC)cc1N(C)CCN(C)C,100.0,nM,,B,Epidermal growth factor receptor
CHEMBL171727,CCOC(=O)Cc1cc(NCc2cc(O)ccc2O)ccc1O,11000.0,nM,4.96,F,Epidermal growth factor receptor
CHEMBL4091991,C=CC(=O)Nc1cc(-n2c(=O)ccc3cnc4ccc(-c5ccc(NS(C)(=O)=O)cc5)cc4c32)ccc1C,175.0,nM,6.76,B,Epidermal growth factor receptor
CHEMBL5284486,C=CC(=O)Nc1cc(Nc2ncc(C(=O)OC)c(-c3cn(C)c4ccccc34)n2)c(OC)cc1N(C)CCN(C)C,100.0,nM,,B,Epidermal growth factor receptor
CHEMBL421047,CN(C)C/C=C/C(=O)Nc1cc2c(Nc3ccc(F)c(Cl)c3)c(C#N)cnc2cc1OC(F)(F)F,2640.0,nM,5.58,B,Epidermal growth factor receptor
CHEMBL3655342,CN(C)C(=O)N1CCN(C/C=C/C(=O)N2CCc3c(sc4ncnc(Nc5ccc(F)c(Cl)c5)c34)C2)CC1,1.0,nM,9.0,B,Epidermal growth factor receptor
CHEMBL4081698,CCC(=O)N1CCC[C@@H](n2nc(-c3ccccc3)c3c(N)ncnc32)C1,4700.0,nM,5.33,B,Epidermal growth factor receptor
CHEMBL495733,CS(=O)(=O)N1CCC[C@@H]1C#Cc1cc2ncnc(Nc3ccc(OCc4cccc(F)c4)c(Cl)c3)c2s1,120.0,nM,6.92,B,Epidermal growth factor receptor
CHEMBL6039588,O=C1CCc2c(Oc3ccc4c(c3)[C@H]3[C@H](NC(=O)c5ccc(CO)c(C(F)(F)F)c5)[C@H]3O4)ccnc2N1,4.2,nM,8.38,B,Epidermal growth factor receptor
CHEMBL435809,CO[C@H]1[C@@H](N(C)C(=O)c2ccc(C(=O)O)cc2)C[C@@H]2O[C@@]1(C)n1c3ccccc3c3c4c(c5c6ccccc6n2c5c31)C(=O)NC4,110.0,nM,6.96,B,Epidermal growth factor receptor
CHEMBL5920247,CC(=O)N1CCC(c2ccc3c(c2)[nH]/c(=N\C(=O)c2cc(C#N)nc(-c4cnn(C)c4)c2)n3[C@H]2CC[C@@H](O)CC2)CC1,0.9,nM,9.05,B,Epidermal growth factor receptor
CHEMBL45827,CCN(CC)CCCCNc1ncc2cc(-c3c(Cl)cccc3Cl)c(NC(=O)NC(C)(C)C)nc2n1,390.0,nM,6.41,B,Epidermal growth factor receptor
CHEMBL5792698,C=C(Cn1cccn1)C(=O)Nc1cccc(Nc2nc(Nc3ccc(OCCOC)cc3)ncc2F)c1,1050.0,nM,5.98,B,Epidermal growth factor receptor
CHEMBL276711,Cc1cc(C)c(/C=C2\C(=O)Nc3ccccc32)[nH]1,,,,B,Epidermal growth factor receptor
CHEMBL5744203,COc1ccccc1C(=O)NCc1ccc(-c2nn([C@H]3CC[C@@H](C(=O)N(C)C)CC3)c3ncnc(N)c23)cc1,550.0,nM,6.26,B,Epidermal growth factor receptor
CHEMBL4202955,COc1cc(N2CCN(C)CC2)ccc1Nc1ncc(Cl)c(Oc2cccc(NC(=O)/C=C/CN(C)C)c2)n1,5010.0,nM,5.3,B,Epidermal growth factor receptor
CHEMBL4061283,CC[C@H](C)[C@@H](NC(=O)OC(C)(C)C)C(=O)Nc1ccc2ncnc(Nc3cccc(Br)c3)c2c1,55.5,nM,7.26,B,Epidermal growth factor receptor
CHEMBL2437482,C=CC(=O)Oc1ccc(-n2c(=O)cnc3cnc(Nc4ccc(OC)cc4)nc32)cc1,59.1,nM,7.23,B,Epidermal growth factor receptor
CHEMBL109372,COc1cc2ncc(C#N)c(Nc3ccc(F)c(Cl)c3)c2cc1OC,1030.0,nM,5.99,F,Epidermal growth factor receptor
CHEMBL5569952,C/C=C/C(=O)Nc1cc2c(Oc3ccc(NC(=O)CCCc4ccc(F)cc4)cc3F)ncnc2cc1OC,5725.0,nM,5.24,B,Epidermal growth factor receptor
CHEMBL5180965,Cc1cc(Nc2ncnc3cc(O)c(NC(=O)/C=C/[C@H]4CCCN4C)cc23)ccc1Oc1ccn2cnnc2c1,22.75,nM,7.64,B,Epidermal growth factor receptor
CHEMBL1229592,C=CC(=O)Nc1cccc(Oc2nc(Nc3ccc(N4CCN(C)CC4)cc3OC)ncc2Cl)c1,4.64,nM,8.33,B,Epidermal growth factor receptor
CHEMBL5205073,COc1cc2ncnc3c2cc1OCCOCCOc1c(Cl)cccc1N3,100000.0,nM,,B,Epidermal growth factor receptor
CHEMBL5958602,C=CC(=O)Nc1cccc(-c2cccc3cnc(Nc4ccc(OC5CCN(C)CC5)cc4)nc23)c1,100.0,nM,,B,Epidermal growth factor receptor
CHEMBL3234740,Cc1ccc(C(=O)Nc2ccc(CN3CCN(C)CC3)c(C(F)(F)F)c2)cc1NC(=O)c1cnccn1,3900.0,nM,5.41,B,Epidermal growth factor receptor
CHEMBL959,CC(N)C12CC3CC(CC(C3)C1)C2,,,,B,Epidermal growth factor receptor
CHEMBL1094808,Nc1nc(Nc2ccc(C(F)(F)F)c(F)c2)c2cc(Cc3ccc(Cl)cc3Cl)[nH]c2n1,91700.0,nM,4.04,B,Epidermal growth factor receptor
CHEMBL115895,COc1cc(/C=C(\C#N)C(N)=O)cc(CSc2ccccc2NC(C)=O)c1O,21877.62,nM,4.66,B,Epidermal growth factor receptor
CHEMBL2032376,C=CC(=O)Nc1cccc(N2C(=O)N(C)Cc3cnc(Nc4ccc(N5CCN(C)CC5)cc4OC)nc32)c1,1.08,nM,8.97,B,Epidermal growth factor receptor
CHEMBL5901984,C=CC(=O)N1CC(Oc2cc3c(Nc4cccc5cnn(C)c45)ncnc3cc2OC)C1,2200.0,nM,5.66,B,Epidermal growth factor receptor
CHEMBL8036,CN1C(=O)c2cc(Nc3ccccc3)c(Nc3ccccc3)cc2C1=O,50000.0,nM,,F,Epidermal growth factor receptor
CHEMBL6024052,COc1cc2ncnc(Nc3ccc(F)c(Cl)c3)c2cc1NC(=O)/C=C/CN1C[C@@H]2OCCO[C@H]2C1,4.3,nM,8.37,B,Epidermal growth factor receptor
CHEMBL3355875,COc1cc2ncnc(Nc3ccc(F)c(Cl)c3)c2cc1OCCCCn1ccnc1[N+](=O)[O-],0.47,nM,9.33,B,Epidermal growth factor receptor
CHEMBL6053889,COc1ccccc1C(=O)NCc1ccc(-c2nn(CC(C)O)c3ncnc(N)c23)cc1,5500.0,nM,5.26,B,Epidermal growth factor receptor
CHEMBL175556,CCOc1cc2ncc(C#N)c(Nc3ccc(OCc4ccccc4)c(Cl)c3)c2cc1NC(=O)/C=C/CN1CCOCC1,20.0,nM,7.7,F,Epidermal growth factor receptor
CHEMBL5819273,COC1CCN(c2nccc(Nc3cc4[nH]c(COCCN5CCN(c6ccc7c(c6)C(=O)N(C6CCC(=O)NC6=O)C7=O)CC5)nc4cn3)n2)CC1,2000.0,nM,5.7,B,Epidermal growth factor receptor
CHEMBL1094825,Cl.NC1CCc2c(c3cc(OCCc4ccc(O)cc4)ccc3n2CCCCCc2ccc(C(F)(F)F)cc2)C1,2750.0,nM,5.56,B,Epidermal growth factor receptor
CHEMBL6000425,COc1nccc2c([C@H](Nc3cc(Cl)c4ncc(C#N)c(NCC(C)(C)C(F)(F)F)c4c3)C3=CN(C4(C5CC5)CC4)NN3)cccc12,13.0,nM,7.89,B,Epidermal growth factor receptor
CHEMBL554,CS(=O)(=O)CCNCc1ccc(-c2ccc3ncnc(Nc4ccc(OCc5cccc(F)c5)c(Cl)c4)c3c2)o1,26.0,nM,7.58,B,Epidermal growth factor receptor
CHEMBL3945860,COc1cc2c(Nc3ccc(Cl)c(Cl)c3)ncnc2cc1OCc1csc(C2CCNCC2)n1,50.0,nM,,B,Epidermal growth factor receptor
CHEMBL5561446,C=CC(=O)N1CC[C@]12C[C@@H](n1nc(-c3ccc(Oc4ccc5c(c4)ncn5C)c(C)c3)c3c(C)ncnc31)C2,5000.0,nM,,B,Epidermal growth factor receptor
CHEMBL4785528,CCN1CCN(Cc2ccc(Nc3nc(Oc4ccc5ccc(=O)[nH]c5c4)c4sccc4n3)cc2)CC1,10000.0,nM,,A,Epidermal growth factor receptor
CHEMBL554993,COc1cc2c(c(O)c1-c1c(OC)cc(O)c3c1C(=O)C1=C(C3=O)[C@H](O)[C@@H](O)[C@@](C)(O)[C@@H]1O)C(=O)c1cc(O)c(C)cc1C2=O,2.7,ug.mL-1,,B,Epidermal growth factor receptor
CHEMBL5949585,C=CC(=O)Nc1cccc(-c2cccc3cnc(Nc4ccc(N5CCOCC5)cc4)nc23)c1,100.0,nM,,B,Epidermal growth factor receptor
CHEMBL5847651,COc1ccccc1C(=O)NCc1ccc(-c2nn([C@@H]3CC[C@H](O)C3)c3ncnc(N)c23)cc1,550.0,nM,6.26,B,Epidermal growth factor receptor
CHEMBL4067707,C#Cc1cccc(Nc2ncnc3cc(OC)c(OCCN4C[C@H](O)[C@@H](O)[C@H](O)[C@H]4CO)cc23)c1,,,,B,Epidermal growth factor receptor
CHEMBL4754811,O=C(Nc1cc2c(Nc3ccc(F)c(Cl)c3)ncnc2cc1OCCCN1CCOCC1)c1cccc([N+](=O)[O-])c1F,13.0,nM,7.89,B,Epidermal growth factor receptor
CHEMBL3639984,C=CC(=O)Nc1cccc(Nc2nc(Nc3ccc(N4CCN(C(=O)CO)CC4)cc3OC(F)(F)F)ncc2C(F)(F)F)c1,65.0,nM,7.19,B,Epidermal growth factor receptor
CHEMBL683,CC(C)(Oc1ccc(Cl)cc1)C(=O)O,,,,B,Epidermal growth factor receptor
CHEMBL3740850,C#Cc1cccc(Nc2ncnc3cc(OCCOC(=O)C(C)c4ccc5cc(OC)ccc5c4)c(OCCOC)cc23)c1,72.0,nM,7.14,B,Epidermal growth factor receptor
CHEMBL3979610,Fc1ccc(Nc2nncc3ccccc23)cc1,6.0,nM,8.22,B,Epidermal growth factor receptor
CHEMBL3979728,COc1cc2c(Nc3ccc(Cl)c(Cl)c3)ncnc2cc1OCC1CN(CCC2OCCO2)CCO1,50.0,nM,,B,Epidermal growth factor receptor
CHEMBL117326,C=C(CN(C)C)C(=O)Nc1cc2c(Nc3ccc(F)c(Cl)c3)c(C#N)cnc2cc1OCC,560.0,nM,6.25,B,Epidermal growth factor receptor
CHEMBL604042,Oc1ccc(CN(Cc2cccc(Br)c2O)C(=S)Nc2ccccc2)cc1,120.0,nM,6.92,B,Epidermal growth factor receptor
CHEMBL4080720,COc1cc2ncnc(Nc3ccc(F)c(Cl)c3)c2cc1OCCCOP(N)(=O)N(CCCl)CCCl,0.5,nM,9.3,B,Epidermal growth factor receptor
CHEMBL3676373,C=CC(=O)Nc1cc2c(Nc3ccc(Br)cc3F)ncnc2cc1OCC(C)(C)NC(=O)CN(C)C,222.0,nM,6.65,B,Epidermal growth factor receptor
CHEMBL2425088,COc1cc2ncnc(Nc3ccc(F)c(Cl)c3)c2cc1OCCN1CC2(CCO2)C1,190.0,nM,6.72,B,Epidermal growth factor receptor
CHEMBL5997253,CN(C)C(=O)N[C@@H]1CCCN(c2cnc(C#N)c(Nc3ccc(C4(C)CCN(C(=O)OC(C)(C)C)CC4)cc3)n2)C1,5500.0,nM,5.26,B,Epidermal growth factor receptor
CHEMBL4103757,C=CC(=O)Nc1cc(Nc2n[nH]c3cc(-c4cccc(N(C)C)c4)ccc23)c(OC)cc1N(C)CCN(C)C,22.0,nM,7.66,B,Epidermal growth factor receptor
CHEMBL3545311,COc1cc(N2CCC(N3CCN(C)CC3)CC2)ccc1Nc1ncc(Cl)c(Nc2ccccc2P(C)(C)=O)n1,52.93,nM,7.28,B,Epidermal growth factor receptor
CHEMBL220037,N#Cc1cnc2ccc(NCc3c[nH]cn3)cc2c1Nc1ccc(F)c(Cl)c1,30.0,nM,7.52,B,Epidermal growth factor receptor
CHEMBL5980501,CC(C)(C)CNc1ncnc2c(Cl)cc(NC(c3ccc(F)cc3)c3cn(C4(CF)CC4)nn3)cc12,3.1,nM,8.51,B,Epidermal growth factor receptor
CHEMBL5907594,C=CC(=O)Nc1cc(Nc2ncc(Cl)c(-c3cnn4ccccc34)n2)c(OC)cc1N(C)CCN1CCOCC1,1000.0,nM,,B,Epidermal growth factor receptor
CHEMBL3741245,C=CC(=O)Nc1cccc(Nc2nc(N/N=C(\C)c3ccc(F)cc3)ncc2Cl)c1,1680.0,nM,5.78,B,Epidermal growth factor receptor
CHEMBL5938232,COc1ccccc1C(=O)NCc1ccc(-c2nn(C3CCC(C)C3)c3ncnc(N)c23)cc1,550.0,nM,6.26,B,Epidermal growth factor receptor
CHEMBL3699588,C=CC(=O)Nc1cccc(Oc2nc(Nc3ccc(N4CCN(C(C)=O)CC4)cc3OC)ncc2C(F)(F)F)c1,132.0,nM,6.88,B,Epidermal growth factor receptor
CHEMBL100714,COc1ccc(Nc2ncnc3cc(OC)c(OC)cc23)cc1OC,2800.0,nM,5.55,F,Epidermal growth factor receptor
CHEMBL5870222,CCN1CCN(Cc2ccc(C(=O)N[C@@H]3[C@H]4Oc5ccc(Oc6ccnc7c6CCC(=O)N7)cc5[C@@H]34)cc2Cl)CC1,0.7,nM,9.15,B,Epidermal growth factor receptor
CHEMBL5614250,COC(=O)c1c(C(F)(F)F)nc2c(c1-c1ccc(S(=O)(=O)c3ccccc3)cc1)C(=O)CC(C)(C)C2,0.11,10^3 uM,,B,Epidermal growth factor receptor
CHEMBL2047021,O=C(CCCCCC(=O)Nc1ccc(O)c(C(=O)Nc2ccc(Cl)c(Cl)c2)c1)NO,1800.0,nM,5.75,B,Epidermal growth factor receptor
CHEMBL7827,O=c1c(-c2cccc(Cl)c2)coc2cc(O)cc(O)c12,12000.0,nM,4.92,B,Epidermal growth factor receptor
CHEMBL4746697,C[C@@H](Nc1ncnc2[nH]c(-c3ccccc3OC(F)F)cc12)c1ccccc1,0.8,nM,9.1,B,Epidermal growth factor receptor
CHEMBL5178971,CCN(C)C1CN(C2CCN(c3cc(OC)c(Nc4ncc(Br)c(Nc5ccc6c(c5P(C)(C)=O)OCCO6)n4)cc3C)CC2)C1,500.0,nM,,B,Epidermal growth factor receptor
CHEMBL1998736,O=C(/C=C/c1ccccc1)Nc1ccccc1F,7370.0,nM,5.13,B,Epidermal growth factor receptor
CHEMBL4094687,OC[C@@H]1[C@@H](O)[C@H](O)[C@@H](O)CN1Cc1ccc(-c2ccc3ncnc(Nc4ccc(F)c(Cl)c4)c3c2)o1,,,,B,Epidermal growth factor receptor
CHEMBL3647970,CN(C)C/C=C/C(=O)N1CCC[C@@H](n2nc(-c3ccc(Oc4ccccc4)cc3)c3c(N)ncnc32)C1,48.8,nM,7.31,B,Epidermal growth factor receptor
CHEMBL3676358,C=CC(=O)Nc1cc2c(Nc3cc(Cl)c(Cl)cc3F)ncnc2cc1OCCNC(=O)COC,20.0,nM,7.7,B,Epidermal growth factor receptor
CHEMBL5818238,C=CC(=O)Nc1cc(Nc2ncc(C(=O)OC)c(-c3cn(C)c4ccccc34)n2)c(OC)cc1C#CCN(C)C,100.0,nM,,B,Epidermal growth factor receptor
CHEMBL5282557,CCCCCCCCCNc1nc2ccccc2c2c(C(=O)c3ccc(F)cc3)c(N)cn12,157.63,nM,6.8,B,Epidermal growth factor receptor
CHEMBL1830130,Cc1cccc(NC(=O)/C=C/c2ccccc2)c1,19690.0,nM,4.71,B,Epidermal growth factor receptor
CHEMBL5981483,C=CC(=O)N1CCC(Oc2cc3c(Nc4ccc(OC(F)(F)F)c(Cl)c4)ncnc3cc2OC)CC1,120.0,nM,6.92,B,Epidermal growth factor receptor
CHEMBL2437487,C=CC(=O)Nc1ccc(-n2c(=O)cnc3cnc(Nc4ccccc4)nc32)cc1,26.0,nM,7.58,B,Epidermal growth factor receptor
CHEMBL3676343,C=CC(=O)Nc1cc2c(Nc3c(F)cc(Br)cc3F)ncnc2cc1OCCNC(=O)CN(C)C,175.0,nM,6.76,B,Epidermal growth factor receptor
CHEMBL6026532,C=CC(=O)Nc1cccc(Nc2nc(Nc3ccc(Cl)c(OCC(O)CO)c3)ncc2F)c1,55.0,nM,7.26,B,Epidermal growth factor receptor
CHEMBL2437482,C=CC(=O)Oc1ccc(-n2c(=O)cnc3cnc(Nc4ccc(OC)cc4)nc32)cc1,70.0,nM,7.16,B,Epidermal growth factor receptor
CHEMBL5888021,C=CC(=O)Nc1cc(Nc2ncc(C(=O)OC(C)C)c(-n3ccc4ccccc43)n2)c(OC)cc1N(C)C[C@H]1CCCN1C,100.0,nM,,B,Epidermal growth factor receptor
CHEMBL5936272,C=CC(=O)Nc1cc(Nc2ncc(C(=O)OC)c(-c3cn(C)c4ccccc34)n2)c(OC)cc1CCCN(C)C,100.0,nM,,B,Epidermal growth factor receptor
CHEMBL119923,COc1cc(/C=C(\C#N)C(N)=O)cc(CSCc2ccc(Cl)cc2)c1O,16000.0,nM,4.8,B,Epidermal growth factor receptor
CHEMBL6044013,C=CC(=O)Nc1cccc(Nc2nc(Nc3ccc(OCCOC)c(F)c3)ncc2F)c1,550.0,nM,6.26,B,Epidermal growth factor receptor
CHEMBL5778795,C=CC(=O)N1Cc2ccc(Nc3nc(Nc4cccc(OC)c4)ncc3C(F)(F)F)cc2C1,550.0,nM,6.26,B,Epidermal growth factor receptor
CHEMBL5192435,Nc1ccc2ncnc(Nc3cccc4[nH]ccc34)c2c1,1000.0,nM,,B,Epidermal growth factor receptor
CHEMBL3746473,CC(=O)N1N=C(c2ccc([N+](=O)[O-])cc2)CC1c1ccc(C(=O)OCCn2c([N+](=O)[O-])cnc2C)cc1,600.0,nM,6.22,B,Epidermal growth factor receptor
CHEMBL6008376,COCCOc1cc2ncnc(Nc3ccc(F)c(Cl)c3)c2cc1NC(=O)/C=C/CN1C[C@@H]2OCCO[C@@H]2C1,8.7,nM,8.06,B,Epidermal growth factor receptor
CHEMBL5777984,CC[C@@H](Nc1ncnc2ccc(NC(c3ccc(F)cc3)c3cn(C4CC4)nn3)cc12)c1ccccc1,43.0,nM,7.37,B,Epidermal growth factor receptor
CHEMBL501705,CCS(=O)(=O)N[C@H]1CN[C@H](C#Cc2cc3ncnc(Nc4ccc(OCc5cccc(F)c5)c(Cl)c4)c3s2)C1,50.0,nM,7.3,B,Epidermal growth factor receptor
